North College Avenue,residential,39.6876967,-75.7543133
Wilbur Street,residential,39.6879620,-75.7522020
Beverly Road,residential,39.6756218,-75.7591640
Apple Road,residential,39.6755954,-75.7610067
Bridle Brook Lane,residential,39.7039535,-75.7781517
Country Club Drive North,residential,39.6953002,-75.7732781
Park Place,residential,39.6160185,-75.8336823
Cecil Avenue,residential,39.6175990,-75.8318060
Bow Street,residential,39.6182319,-75.8305918
Kentmere Avenue,residential,39.6181590,-75.8292010
Elkton Boulevard,residential,39.6137340,-75.8357810
Elkton Boulevard,residential,39.6143320,-75.8352470
Elkton Boulevard,residential,39.6146486,-75.8349888
Park Circle,residential,39.6147330,-75.8349604
Elkton Boulevard,residential,39.6153873,-75.8342374
Odessa Way,residential,39.7051200,-75.7437910
Covered Bridge Lane,residential,39.7008600,-75.7853590
Hidden Valley Drive,residential,39.6985645,-75.7844962
Hunters Circle,residential,39.7007820,-75.7794930
Hunters Circle,residential,39.7009194,-75.7794087
Thistleberry Drive,residential,39.6285138,-75.7620209
Briarcliffe Court,residential,39.6288944,-75.7573304
Otts Chapel Road,secondary,39.6387860,-75.7790700
n/a,residential,39.6363070,-75.7875180
Old Baltimore Pike,secondary,39.6221150,-75.7849450
Wedgewood Road,residential,39.7044335,-75.7859900
Chippenham Drive,residential,39.7047540,-75.7876163
College Park,residential,39.6750618,-75.7674529
Mason Drive,residential,39.6872621,-75.7878495
Lynam Lookout Drive,residential,39.6367023,-75.7522703
Louviers Drive,residential,39.7114019,-75.7419994
Louviers Drive,residential,39.7116864,-75.7419863
Louviers Drive,residential,39.7113452,-75.7426598
Louviers Drive,residential,39.7112331,-75.7420173
Louviers Drive,residential,39.7112054,-75.7428017
Louviers Drive,residential,39.7110482,-75.7420415
Louviers Drive,residential,39.7109172,-75.7425151
Paper Mill Road,primary,39.7115278,-75.7432977
Louviers Drive,residential,39.7112587,-75.7435281
Four Seasons Parkway,tertiary,39.6269432,-75.7547055
Festival Court,residential,39.6280750,-75.7548870
Leafy Lane,residential,39.6280694,-75.7526032
Four Seasons Parkway,tertiary,39.6270747,-75.7524846
Pleasant Valley Road,secondary,39.6177240,-75.7709430
Northbend Court,residential,39.6177570,-75.7701770
Coopers Drive,residential,39.6174410,-75.7701420
Walnut Lane,residential,39.6220060,-75.8304200
James Street,residential,39.6211870,-75.8332890
Radcliffe Drive,residential,39.6872831,-75.7698370
Radcliffe Drive,residential,39.6866471,-75.7701402
Crystal Court,residential,39.6522793,-75.7543062
East Cleveland Avenue,tertiary,39.6865538,-75.7496995
Halloween Run,residential,39.6279808,-75.7559659
Holiday Place,residential,39.6281665,-75.7536638
Winchester Drive,residential,39.6593360,-75.8041410
Stamford Drive,residential,39.6929513,-75.7660588
Danbury Road,residential,39.6924747,-75.7709361
Appaloosa Tr,residential,39.6582380,-75.8023830
Country Club Drive North,residential,39.6926892,-75.7732574
Casho Mill Road,tertiary,39.6790254,-75.7752667
Radcliffe Drive,residential,39.6836442,-75.7710396
Vassar Drive,residential,39.6818301,-75.7747705
Jackson Hall School Road,residential,39.6892608,-75.7984739
Oakridge Court,residential,39.6576330,-75.8113720
Sunset Road,residential,39.6765224,-75.7551150
Leafy Lane,residential,39.6281477,-75.7515081
Fletchwood Road,secondary,39.6555250,-75.8092860
n/a,path,39.6850169,-75.7443297
n/a,path,39.6849674,-75.7445930
n/a,crossing,39.6850285,-75.7442683
n/a,path,39.6850168,-75.7447857
Willow Drive,residential,39.6587510,-75.7985170
Willow Court,residential,39.6585820,-75.7995930
Thistleberry Drive,residential,39.6274726,-75.7572168
West Delaware Avenue,primary,39.6816547,-75.7536232
East Delaware Avenue,primary,39.6819899,-75.7494772
Haines Street,residential,39.6821532,-75.7473075
East Delaware Avenue,primary,39.6821972,-75.7451703
East Delaware Avenue,primary,39.6820996,-75.7437810
Dixon Drive,residential,39.6888237,-75.7878586
Gill Drive,residential,39.6554034,-75.7386344
Bobby Drive,residential,39.6550975,-75.7425915
Christina Louise Court,residential,39.6353909,-75.7494316
n/a,path,39.6848828,-75.7447342
Mackenzie Drive,residential,39.6742960,-75.7839780
Park Drive,residential,39.6576310,-75.7547250
Lenape Lane,residential,39.6569246,-75.7550770
Lenape Lane,residential,39.6550791,-75.7542941
Russell Road,residential,39.6698060,-75.8358460
Bridle Brook Lane,residential,39.7012621,-75.7772172
n/a,cycleway,39.6690776,-75.7608103
Telegraph Road,primary,39.6958880,-75.7940440
Katherine Court,residential,39.6999010,-75.7937960
Kristopher Way,residential,39.6974280,-75.7937190
Inspiration Boulevard,residential,39.6655380,-75.7578935
Avenue 1743,residential,39.6669223,-75.7557857
Avenue 1743,residential,39.6656930,-75.7556622
Avenue 1743,residential,39.6640552,-75.7554740
Avenue 1743,residential,39.6630075,-75.7553389
Edjil Drive,residential,39.6533720,-75.7449860
Donna Drive,residential,39.6523358,-75.7454254
Janice Drive,residential,39.6518419,-75.7462346
n/a,track,39.6890257,-75.7630500
n/a,path,39.6394395,-75.7555803
South Main Street,primary,39.6768999,-75.7632217
n/a,path,39.6773641,-75.8242860
Lynam Lookout Drive,residential,39.6393827,-75.7515121
Barksdale Road,tertiary,39.6791772,-75.7667932
Barksdale Road,tertiary,39.6787589,-75.7719390
Barksdale Road,tertiary,39.6783677,-75.7755496
Barksdale Road,tertiary,39.6777186,-75.7799827
Timberline Drive,residential,39.6848240,-75.7800306
Four Seasons Parkway,tertiary,39.6255240,-75.7439527
Four Seasons Parkway,tertiary,39.6255081,-75.7441511
Vieves Way,residential,39.6639760,-75.8074860
West Creek Village Drive,residential,39.6600540,-75.7992450
Fletchwood Road,secondary,39.6546860,-75.8038250
Fletchwood Road,secondary,39.6539830,-75.7966570
South College Avenue,primary,39.6600766,-75.7519649
n/a,residential,39.6948047,-75.7481199
South College Avenue,primary,39.6607376,-75.7521138
Four Seasons Parkway,tertiary,39.6253648,-75.7441593
Palo Lane,residential,39.6337038,-75.7680707
Dallam Road,residential,39.6852041,-75.7666105
Tanglewood Lane,residential,39.6836549,-75.7687994
Briar Lane,residential,39.6827598,-75.7700552
Radcliffe Drive,residential,39.6820992,-75.7709561
Vassar Drive,residential,39.6801805,-75.7747114
Science Boulevard,residential,39.6627347,-75.7589925
n/a,residential,39.6627815,-75.7587504
Heather Hill Lane,residential,39.7078600,-75.7928340
Sweetgrass Run,residential,39.6310113,-75.7649605
Couples Drive,residential,39.6236060,-75.7468894
Pavin Court,residential,39.6243333,-75.7479537
Appleton Road,tertiary,39.6810600,-75.8155110
Appleton Road,tertiary,39.6809250,-75.8155130
Appleton Road,tertiary,39.6702460,-75.8152640
Oakridge Court,residential,39.6567050,-75.8113440
Paper Mill Road,primary,39.6888838,-75.7484204
n/a,path,39.6535949,-75.7725531
n/a,path,39.6912715,-75.7746893
n/a,path,39.6912906,-75.7724014
Meriden Drive,residential,39.6937720,-75.7661924
Cambridge Drive,residential,39.6974180,-75.7667661
Hearn Place,residential,39.6990945,-75.7694626
Country Club Drive North,residential,39.6995021,-75.7711546
n/a,path,39.6916605,-75.7728797
Thomas Jefferson Terrace,residential,39.6183066,-75.8033184
Queen Marys Drive,residential,39.6858551,-75.7828466
Cobblestone Cross,residential,39.6336459,-75.7666519
West Main Street,primary,39.6850822,-75.7617404
Dallam Road,residential,39.6836189,-75.7626193
Cheltenham Road,residential,39.6826189,-75.7632426
Sypherd Drive,residential,39.6818715,-75.7636769
n/a,cycleway,39.6800603,-75.7647586
n/a,path,39.6457249,-75.7500335
n/a,path,39.6454944,-75.7505494
n/a,path,39.6447227,-75.7490601
Appleton Road,secondary,39.6356940,-75.8149220
n/a,residential,39.6655807,-75.7534368
Appleton Road,secondary,39.6351390,-75.8152000
Healthy Way,residential,39.6658350,-75.7536679
Healthy Way,residential,39.6658615,-75.7532633
Healthy Way,residential,39.6658757,-75.7530654
Victoria Court,residential,39.6809675,-75.7466429
Victoria Court,residential,39.6812569,-75.7466843
Victoria Court,residential,39.6815431,-75.7467252
n/a,primary_link,39.6702385,-75.7708999
Cox Lane,residential,39.6146730,-75.8161220
Curtis Lane,residential,39.6911940,-75.7489563
Paper Mill Road,primary,39.6912050,-75.7495130
Little Egypt Road,tertiary,39.6973960,-75.8006430
n/a,residential,39.6668903,-75.7529267
n/a,residential,39.6670955,-75.7532641
Little Egypt Road,tertiary,39.6975780,-75.8005980
Belle Hill Road,residential,39.6353510,-75.8106830
Belle Hill Road,residential,39.6357030,-75.8096040
Belle Hill Road,residential,39.6361620,-75.8072300
Belle Hill Road,residential,39.6361090,-75.8071240
n/a,path,39.6990110,-75.7407020
n/a,path,39.6993610,-75.7437210
n/a,path,39.7001379,-75.7443157
Dixon Lane,residential,39.6400940,-75.8113730
Dixon Lane,residential,39.6410850,-75.8110390
Old Baltimore Pike,secondary,39.6340180,-75.7473360
Pickett Lane,residential,39.6791241,-75.7759350
Rahway Drive,residential,39.6786540,-75.7801220
King William Street,residential,39.6768726,-75.7831290
n/a,residential,39.7067138,-75.7930585
Radcliffe Drive,residential,39.6844734,-75.7708690
Dallam Road,residential,39.6842185,-75.7725433
Amherst Drive,residential,39.6834972,-75.7735420
Vassar Drive,residential,39.6829688,-75.7748019
Kentmere Avenue,residential,39.6177790,-75.8280280
Waters Edge Drive,residential,39.6292060,-75.7455950
Waters Edge Drive,residential,39.6289100,-75.7456234
Waters Edge Drive,residential,39.6284811,-75.7456726
Waters Edge Drive,residential,39.6294687,-75.7458786
South Main Street,primary,39.6758730,-75.7642536
Waters Edge Drive,residential,39.6292234,-75.7444731
North College Avenue,residential,39.6829966,-75.7540712
West Main Street,primary,39.6831040,-75.7565767
West Main Street,primary,39.6840709,-75.7590810
McCormick Boulevard,residential,39.6152606,-75.7698570
Deerfield Road,residential,39.6312020,-75.8054910
Muddy Lane,residential,39.6316060,-75.8019600
Meadow Creek Lane,residential,39.6314770,-75.8031790
Prairie Drive,residential,39.6313590,-75.8042680
n/a,path,39.7049660,-75.7411215
New London Road,primary,39.6845301,-75.7575391
Rising Road,residential,39.6973289,-75.7868189
Cambridge Drive,residential,39.6956170,-75.7697515
Country Club Drive North,residential,39.6964926,-75.7731880
North Chapel Street,primary,39.6857882,-75.7460539
North Chapel Street,primary,39.6860930,-75.7461369
Old Baltimore Pike,secondary,39.6243123,-75.7782352
Stoddard Drive,residential,39.6270580,-75.7670940
Stoddard Drive,residential,39.6248390,-75.7668160
East Park Circle,residential,39.6170261,-75.8343390
Elkton Boulevard,residential,39.6177986,-75.8314369
Corporate Boulevard,residential,39.6163300,-75.7492560
Corporate Boulevard,residential,39.6166630,-75.7530020
Pencader Drive,unclassified,39.6169867,-75.7567105
Arbour Drive,residential,39.6566440,-75.7638520
South Main Street,primary,39.6781205,-75.7617499
n/a,path,39.6531602,-75.7715827
University Drive,residential,39.6541211,-75.7700024
n/a,path,39.6533398,-75.7710355
University Drive,residential,39.6527846,-75.7699751
n/a,path,39.6533295,-75.7711159
East Main Street,primary,39.6837895,-75.7436447
Westbury Lane,residential,39.7059980,-75.7875327
Chippenham Drive,residential,39.7080242,-75.7874448
Colonial Court,residential,39.6774419,-75.7719071
South Main Street,primary,39.6829112,-75.7562121
New London Road,primary,39.6830012,-75.7561863
Nottingham Road,primary,39.6924452,-75.7813864
Pleasant Valley Road,secondary,39.6230941,-75.7712131
Pleasant Valley Road,secondary,39.6240925,-75.7714641
Pleasant Valley Road,secondary,39.6242287,-75.7715264
Science Boulevard,residential,39.6654383,-75.7593292
Pleasant Valley Road,secondary,39.6245160,-75.7716860
Pleasant Valley Road,secondary,39.6202120,-75.7711170
Pleasant Valley Road,secondary,39.6151944,-75.7706187
Pleasant Valley Road,secondary,39.6111095,-75.7700635
n/a,path,39.6419655,-75.7515890
Winsome Way,residential,39.6297627,-75.7476594
n/a,track,39.6629302,-75.7817500
Four Seasons Parkway,tertiary,39.6265106,-75.7600768
West Road,unclassified,39.6623990,-75.7856388
Four Seasons Parkway,tertiary,39.6268676,-75.7556575
East Delaware Avenue,primary,39.6821101,-75.7436103
Highland Circle,residential,39.6456618,-75.7819619
Rittenhouse Trail,path,39.6584184,-75.7559781
Rittenhouse Trail,path,39.6581990,-75.7559410
n/a,path,39.6459554,-75.7591454
n/a,path,39.6461513,-75.7586380
n/a,path,39.6464010,-75.7551124
n/a,path,39.6454960,-75.7488204
n/a,path,39.6435176,-75.7456916
n/a,path,39.6416058,-75.7446677
n/a,path,39.6426838,-75.7548281
n/a,path,39.6431927,-75.7561421
n/a,path,39.6456947,-75.7573710
Cannons Way,residential,39.6578584,-75.7478469
Longwood Lane,residential,39.7095860,-75.7431735
Park Place,residential,39.6159118,-75.8343738
n/a,path,39.6463556,-75.7538694
Willa Road,residential,39.6715360,-75.7632753
West Road,unclassified,39.6645583,-75.7831832
Elkton Road,primary,39.6696241,-75.7716262
n/a,path,39.6462702,-75.7575728
n/a,path,39.6405684,-75.7548561
n/a,path,39.6403189,-75.7551451
Park Way Road,residential,39.6163224,-75.8310575
Maryland Avenue,residential,39.6142320,-75.8312330
n/a,path,39.6837420,-75.8293590
n/a,path,39.6830950,-75.8285580
n/a,path,39.6846281,-75.8277495
n/a,path,39.6902209,-75.8286363
n/a,path,39.6394505,-75.7562581
South College Avenue,primary,39.6630110,-75.7524299
Starling Lane,residential,39.6699820,-75.8060170
South College Avenue,primary,39.6631635,-75.7524463
Telegraph Road,primary,39.6986769,-75.8294125
South College Avenue,primary,39.6632372,-75.7524555
Discovery Boulevard,residential,39.6633669,-75.7524727
Appleton Road,tertiary,39.6624280,-75.8142630
n/a,trunk_link,39.6659099,-75.7766559
n/a,trunk_link,39.6652331,-75.7764647
Ricketts Mill Road,tertiary,39.6309340,-75.8274760
Elk Mills Road,secondary,39.6570872,-75.8218054
Healthy Way,residential,39.6657931,-75.7527840
Healthy Way,residential,39.6660564,-75.7528066
Cecil Manor School Road,residential,39.6575435,-75.8171165
n/a,secondary_link,39.6521479,-75.7805145
Orchard Road,residential,39.6735390,-75.7567550
Townsend Road,residential,39.6735043,-75.7581190
Beverly Road,residential,39.6734794,-75.7594295
Apple Road,residential,39.6734380,-75.7608683
Cecil Manor School Road,residential,39.6580201,-75.8171828
Elk Mills Road,secondary,39.6615780,-75.8300430
Alwyn Drive,residential,39.6554238,-75.7476298
Anglin Drive,residential,39.6539626,-75.7474265
Edjil Drive,residential,39.6531630,-75.7473549
Anita Drive,residential,39.6512590,-75.7436324
Barksdale Road,tertiary,39.6784506,-75.7750643
n/a,path,39.6885130,-75.8206310
n/a,unclassified,39.6547157,-75.7508522
n/a,unclassified,39.6550704,-75.7508414
n/a,unclassified,39.6547231,-75.7507805
Riverside Drive,residential,39.6282230,-75.8236980
Riverside Drive,residential,39.6286150,-75.8234140
Rockmoss Avenue,residential,39.6815350,-75.7797450
Kenilworth Avenue,residential,39.6804980,-75.7799990
Aster Avenue,residential,39.6797220,-75.7800510
Blair Court,residential,39.6772019,-75.7739311
Mad Macs Entrance,unclassified,39.6560920,-75.7508297
n/a,unclassified,39.6558324,-75.7506027
n/a,unclassified,39.6558097,-75.7508146
n/a,unclassified,39.6555991,-75.7510962
New London Road,primary,39.6833104,-75.7564953
West Cleveland Avenue,tertiary,39.6854680,-75.7583310
New London Road,primary,39.6878814,-75.7598041
New London Road,primary,39.6890455,-75.7602601
New London Road,primary,39.6912540,-75.7615797
New London Road,primary,39.6916523,-75.7620081
New London Road,primary,39.7009801,-75.7690029
New London Road,primary,39.7066687,-75.7747650
Sluice Court,residential,39.6781549,-75.7741070
New London Road,primary,39.7095983,-75.7774905
Old East Chestnut Hill Road,tertiary,39.6562000,-75.7506798
Tawes Drive,residential,39.7086090,-75.8345330
Tawes Drive,residential,39.7092770,-75.8365660
Newark and Pomeroy Rail Trail,cycleway,39.6898285,-75.7547865
Sunnydell Road,residential,39.7004910,-75.8178070
n/a,unclassified,39.6601723,-75.7845500
n/a,unclassified,39.6620281,-75.7826206
n/a,unclassified,39.6592540,-75.7854150
Powerhouse Road,unclassified,39.6611559,-75.7870229
Telegraph Road,primary,39.6960960,-75.7956590
Stone Gate Boulevard,residential,39.6520540,-75.7894600
Bridle Brook Lane,residential,39.7011597,-75.7864443
Bridle Brook Lane,residential,39.7043976,-75.7779438
Stone Gate Boulevard,residential,39.6495510,-75.7902470
Elk Mills Road,secondary,39.6620173,-75.8307956
Pettinaro Drive,residential,39.6597488,-75.7954118
Pettinaro Drive,residential,39.6600879,-75.7961867
Tulip Tree Lane,residential,39.6468393,-75.7680093
Lynley Lane,residential,39.6957630,-75.7469360
Caroline Street,residential,39.6145390,-75.8364620
Paper Mill Road,primary,39.6972439,-75.7500536
Jasmine Run,residential,39.6331336,-75.7659572
Cobblestone Cross,residential,39.6336996,-75.7661020
Wildflower Circle,residential,39.6344598,-75.7656112
West Delaware Avenue,primary,39.6816067,-75.7553304
Four Seasons Parkway,tertiary,39.6269714,-75.7513886
Four Seasons Parkway,tertiary,39.6264694,-75.7606491
Four Seasons Parkway,tertiary,39.6282286,-75.7629067
Four Seasons Parkway,tertiary,39.6291058,-75.7633751
Lumber Mill Lane,residential,39.6525840,-75.8360290
Marlyn Drive,residential,39.7029590,-75.8175860
Elkton Boulevard,residential,39.6182815,-75.8304392
Park Way Road,residential,39.6163024,-75.8309290
Bow Street,residential,39.6146600,-75.8311820
Briar Lane,residential,39.6818376,-75.7702350
Country Hills Drive,residential,39.6768660,-75.7856194
n/a,residential,39.7044263,-75.7714996
Locharron Drive,residential,39.6882320,-75.7956250
Megan Circle,residential,39.6887320,-75.7913850
n/a,cycleway,39.6741911,-75.7446894
Woodbine Circle,residential,39.7127200,-75.7960450
North Rosemont Circle,residential,39.7117170,-75.7948050
Oak Road,residential,39.7094970,-75.7934990
Nottingham Road,primary,39.6907367,-75.7769188
Old Casho Mill Road,residential,39.6901160,-75.7752531
New Casho Mill Road,tertiary,39.6904157,-75.7760578
Elkton Road,primary,39.6703484,-75.7705385
Newark and Pomeroy Rail Trail,cycleway,39.6871736,-75.7480368
Newark and Pomeroy Rail Trail,cycleway,39.6870427,-75.7471050
North Chapel Street,primary,39.6869580,-75.7468397
n/a,track,39.6641540,-75.7974673
n/a,track,39.6636564,-75.8034276
n/a,track,39.6636048,-75.7944794
n/a,track,39.6668464,-75.7978804
n/a,track,39.6615395,-75.7941641
Nottingham Road,primary,39.6906686,-75.7767364
Patrick Henry Court,residential,39.6773796,-75.7729325
Panorama Drive,residential,39.6898842,-75.7808612
Lafayette Road,residential,39.6852760,-75.7748954
Nottingham Road,primary,39.6927522,-75.7821742
Iron Hill Road,tertiary,39.6454108,-75.7907847
Chestnut Hill Road West,residential,39.6423557,-75.7903300
Appleton Road,tertiary,39.6715250,-75.8153960
Appleton Road,secondary,39.6305230,-75.8179040
n/a,unclassified,39.6642731,-75.7468742
Bridle Brook Lane,residential,39.7043190,-75.7785756
Wedgewood Road,residential,39.7107702,-75.7719451
South College Avenue,unclassified,39.6337766,-75.7439678
Appleton Road,secondary,39.6293010,-75.8195820
Christina Mill Drive,residential,39.6687951,-75.7731996
Thorn Lane,residential,39.6736004,-75.7673264
Thorn Lane,residential,39.6740871,-75.7680188
Thorn Lane,residential,39.6743815,-75.7690768
Thorn Lane,residential,39.6747183,-75.7687964
Thorn Lane,residential,39.6753839,-75.7725155
Thorn Lane,residential,39.6754038,-75.7691793
Red Hill Road,secondary,39.6154220,-75.8056990
Red Hill Road,secondary,39.6154910,-75.8054890
Meriden Drive,residential,39.6934025,-75.7698843
Wilshire Lane,residential,39.6945484,-75.7698570
Hempsted Drive,residential,39.6966660,-75.7695940
Fairfield Drive,residential,39.6970350,-75.7684783
Telegraph Road,primary,39.6988587,-75.8276120
Telegraph Road,primary,39.6989353,-75.8269876
Muddy Lane,residential,39.6372730,-75.8027220
Bluegrass Drive,residential,39.6326570,-75.8021160
Elkwood Road,residential,39.6297260,-75.8016080
Muddy Lane,residential,39.6355170,-75.8024909
Muddy Lane,residential,39.6343070,-75.8023920
Rockmoss Avenue,residential,39.6814139,-75.7760768
Kenilworth Avenue,residential,39.6806449,-75.7760504
Aster Avenue,residential,39.6798910,-75.7759967
Delancy Road,secondary,39.6160840,-75.7918880
Delancy Road,secondary,39.6142820,-75.7918210
Locharron Drive,residential,39.6887310,-75.7922500
Ballantrae Drive,residential,39.6874350,-75.7922520
South College Avenue,primary,39.6800441,-75.7535817
Orchard Road,residential,39.6803377,-75.7557624
Amstel Avenue,residential,39.6812051,-75.7581902
Ballantrae Drive,residential,39.6814250,-75.7900250
Thorn Lane,residential,39.6745740,-75.7686754
Elkton Road,primary,39.6734476,-75.7671645
Argyle Road,residential,39.6601095,-75.7392647
Bobby Drive,residential,39.6586565,-75.7430742
Anglin Drive,residential,39.6581326,-75.7444195
Dare Drive,residential,39.7042770,-75.7935350
Radcliffe Drive,residential,39.6852030,-75.7707234
Radcliffe Drive,residential,39.6826030,-75.7712394
n/a,path,39.6873194,-75.7649030
Timberline Drive,residential,39.6892165,-75.7781787
Panorama Drive,residential,39.6894160,-75.7809904
Spring Valley Road,residential,39.6924237,-75.7871908
n/a,track,39.6607828,-75.7873574
Arizona State Drive,residential,39.6507214,-75.7767493
Blue Hen Ridge,residential,39.6775044,-75.7831804
Blue Hen Ridge,residential,39.6792831,-75.7830513
Blue Hen Ridge,residential,39.6812712,-75.7828900
Barksdale Road,tertiary,39.6765368,-75.7870555
Timberline Drive,residential,39.6887420,-75.7782705
Panorama Drive,residential,39.6883770,-75.7805061
Academy Street,residential,39.6795794,-75.7497027
Haines Street,residential,39.6791194,-75.7468932
Benny Street,residential,39.6792132,-75.7459633
Academy Street,residential,39.6743400,-75.7505470
Manuel Street,residential,39.6742486,-75.7473738
Haines Street,residential,39.6741820,-75.7447460
South Chapel Street,tertiary,39.6745308,-75.7430184
Winchester Drive,residential,39.6565050,-75.8046950
Delrem Drive,residential,39.6921937,-75.7760071
Farm House Road,residential,39.6934548,-75.7785450
O'Daniel Avenue,residential,39.6745539,-75.7716609
Westfield Circle,residential,39.6733889,-75.7715918
Old Baltimore Pike,secondary,39.6278790,-75.7671850
Gallaher Road,residential,39.6785260,-75.8374240
Friendship Road,residential,39.6159810,-75.8246460
Belle Hill Road,residential,39.6380010,-75.8029000
n/a,path,39.6863830,-75.8259310
n/a,path,39.6866360,-75.8259390
n/a,path,39.6864639,-75.8256584
Kayser Court,residential,39.6827266,-75.7866710
Hillside Road,tertiary,39.6816329,-75.7604863
Wilson Road,residential,39.6837163,-75.7658966
University Drive,residential,39.6497188,-75.7702605
University Drive,residential,39.6520940,-75.7699236
n/a,trunk_link,39.6553966,-75.7514068
n/a,trunk_link,39.6552826,-75.7519734
Barksdale Road,tertiary,39.6689090,-75.8138190
Park Drive,unclassified,39.6577378,-75.7488365
Old East Chestnut Hill Road,tertiary,39.6575907,-75.7486986
Appleton Road,tertiary,39.6702110,-75.8152610
n/a,residential,39.6353068,-75.7874237
n/a,trunk_link,39.6560240,-75.7509240
n/a,tertiary_link,39.6580594,-75.7484179
Ivy Lane,residential,39.6464370,-75.7858000
Wilbur Street,residential,39.6870460,-75.7519620
Heather Court,residential,39.6907156,-75.7629107
Barksdale Road,tertiary,39.6775415,-75.7810837
Hargrove Court,residential,39.6144506,-75.7604371
Briar Lane,residential,39.6860110,-75.7687677
n/a,residential,39.6652120,-75.7527125
Bobby Drive,residential,39.6566105,-75.7423402
Peach Road,residential,39.6532110,-75.7946860
McCormick Boulevard,residential,39.6158887,-75.7685159
Evergreen Drive,residential,39.6163598,-75.7620249
McCormick Boulevard,residential,39.6155416,-75.7608769
Hillside Road,tertiary,39.6824985,-75.7599418
Tanglewood Lane,residential,39.6856118,-75.7676921
Evergreen Drive,residential,39.6144836,-75.7622717
Sycamore Road,residential,39.6522750,-75.7923680
Lafayette Road,residential,39.6853193,-75.7728249
Nottingham Road,primary,39.6933714,-75.7837924
Park Way Road,residential,39.6165579,-75.8325771
Ohio State Drive,residential,39.6526818,-75.7759082
Mesa Court,residential,39.6529037,-75.7738897
Apple Road,tertiary,39.6791786,-75.7643880
Apple Road,tertiary,39.6792980,-75.7645025
Cox Lane,residential,39.6178330,-75.8178330
Cox Lane,residential,39.6178490,-75.8178210
Barnwell Lane,residential,39.6157399,-75.7659410
McCormick Boulevard,residential,39.6163399,-75.7658243
South Main Street,primary,39.6819821,-75.7567969
South Main Street,primary,39.6820134,-75.7572947
Summer Park Crescent,residential,39.6239659,-75.7494991
South Main Street,primary,39.6824321,-75.7568437
Castlegate Court,residential,39.6155809,-75.7669279
Sypherd Drive,residential,39.6830390,-75.7665453
Briar Lane,residential,39.6805510,-75.7687307
South Main Street,primary,39.6823689,-75.7569510
South Main Street,primary,39.6818730,-75.7575874
n/a,residential,39.6671637,-75.7523390
Rittenhouse Trail,path,39.6774804,-75.7815221
Palo Lane,residential,39.6305145,-75.7675213
Vivian Court,residential,39.6319004,-75.7688191
Palo Lane,residential,39.6320006,-75.7678379
East Cleveland Avenue,tertiary,39.6868056,-75.7485701
East Cleveland Avenue,tertiary,39.6871587,-75.7437674
East Cleveland Avenue,tertiary,39.6871936,-75.7459316
Appleton Road,secondary,39.6240110,-75.8260900
Appleton Road,secondary,39.6244425,-75.8256477
Appleton Road,secondary,39.6278582,-75.8216307
Appleton Road,secondary,39.6283240,-75.8210130
Appleton Road,secondary,39.6322320,-75.8167570
Appleton Road,secondary,39.6334620,-75.8160210
Appleton Road,secondary,39.6396630,-75.8129480
Appleton Road,secondary,39.6403810,-75.8126560
Appleton Road,secondary,39.6413520,-75.8123500
Appleton Road,secondary,39.6420213,-75.8122942
Appleton Road,secondary,39.6427050,-75.8122540
Appleton Road,secondary,39.6436480,-75.8123150
Appleton Road,tertiary,39.6625550,-75.8142780
Appleton Road,tertiary,39.6643283,-75.8144972
Appleton Road,tertiary,39.6645239,-75.8145252
Appleton Road,tertiary,39.6652250,-75.8146100
Brewster Bridge Road,tertiary,39.6690160,-75.8151030
Appleton Road,tertiary,39.6806340,-75.8155160
Appleton Road,tertiary,39.6807622,-75.8155286
King Street,residential,39.6127790,-75.8332410
Pennsylvania Avenue,residential,39.6128286,-75.8331491
Elkton Road,primary,39.6655981,-75.7760417
n/a,unclassified,39.6158588,-75.8298015
Telegraph Road,primary,39.6985590,-75.8141440
Appleton Road,tertiary,39.7032660,-75.8160490
Appleton Road,tertiary,39.7052210,-75.8168990
Edjil Drive,residential,39.6532730,-75.7461527
Allison Lane,residential,39.6773518,-75.7791477
Paper Mill Road,primary,39.6895989,-75.7488124
Paper Mill Road,primary,39.6891907,-75.7486056
Georgetown Court,residential,39.6505657,-75.7695451
Richmond Court,residential,39.6509596,-75.7723608
Dalton Drive,residential,39.6182111,-75.7744060
Dalton Drive,residential,39.6189301,-75.7760153
n/a,path,39.7052455,-75.7566372
Christina Mill Drive,residential,39.6705166,-75.7744133
Donegal Court,residential,39.6207234,-75.7777212
Appleton Road,secondary,39.6333860,-75.8160630
Pebble Beach Drive,residential,39.6167389,-75.7907609
Spanish Bay Court,residential,39.6187100,-75.7895274
Spanish Bay Court,residential,39.6177922,-75.7891523
Deerbourne Trail,residential,39.6199299,-75.7797442
Spanish Bay Court,residential,39.6157595,-75.7891364
Pebble Beach Drive,residential,39.6175693,-75.7898341
Spyglass Drive,residential,39.6166522,-75.7909108
Beechwood Lane,residential,39.7053012,-75.7933247
Hullihen Drive,residential,39.7030000,-75.7937720
Spyglass Drive,residential,39.6165595,-75.7908957
Spyglass Drive,residential,39.6166643,-75.7906180
Locust Lane,residential,39.6150420,-75.8237540
Spyglass Drive,residential,39.6165009,-75.7907794
Spyglass Drive,residential,39.6167426,-75.7919209
Locust Lane,residential,39.6167690,-75.8227470
Elkwood Road,residential,39.6302596,-75.8053178
Apple Road,tertiary,39.6787663,-75.7637932
n/a,track,39.6596935,-75.7884735
South Chestnut Drive,residential,39.6542700,-75.7997010
Chestnut Drive,residential,39.6547440,-75.7996170
Maryland Avenue,residential,39.6169040,-75.8365410
Brown Street,residential,39.6177210,-75.8367670
n/a,path,39.6982930,-75.8371440
Casho Mill Road,tertiary,39.6777907,-75.7748741
n/a,path,39.7065402,-75.8265240
n/a,trunk_link,39.6537202,-75.7891000
Stone Gate Boulevard,residential,39.6534247,-75.7890553
n/a,trunk_link,39.6533358,-75.7894871
Stone Gate Boulevard,residential,39.6533729,-75.7891048
Stone Gate Boulevard,residential,39.6535113,-75.7892943
Stone Gate Boulevard,residential,39.6535546,-75.7892511
Warner Road,residential,39.6350660,-75.8053310
Nottingham Road,primary,39.6927776,-75.7822387
Queen Marys Drive,residential,39.6857011,-75.7825284
Old Baltimore Pike,secondary,39.6320525,-75.7538049
Sunnydell Road,residential,39.7003880,-75.8161680
Macduff Road,residential,39.6730875,-75.7876659
New London Road,primary,39.6949692,-75.7644289
New London Road,primary,39.6953122,-75.7646136
n/a,path,39.6793467,-75.7445656
Little Egypt Road,tertiary,39.6989510,-75.8003230
Chrysler Avenue,residential,39.6705510,-75.7630723
Paper Mill Road,primary,39.7010460,-75.7479920
Lasalle Way,residential,39.7007240,-75.7467250
n/a,tertiary_link,39.6756951,-75.7434316
Deerbourne Trail,residential,39.6202412,-75.7802210
n/a,tertiary_link,39.6763140,-75.7435302
Wyoming Road,tertiary,39.6764657,-75.7432118
Old Baltimore Pike,secondary,39.6216360,-75.7863135
Orchard Road,residential,39.6782006,-75.7567837
Orchard Road,residential,39.6802802,-75.7558040
Nottingham Road,primary,39.6909086,-75.7773569
Nottingham Road,primary,39.6909764,-75.7775352
Hillside Road,tertiary,39.6829696,-75.7597186
Nottingham Road,primary,39.6911699,-75.7780439
Amstel Avenue,residential,39.6803607,-75.7558247
Amstel Avenue,residential,39.6810244,-75.7577336
Paper Mill Road,primary,39.7114992,-75.7433222
West Delaware Avenue,primary,39.6816084,-75.7552501
Louviers Drive,residential,39.7111012,-75.7429127
East Delaware Avenue,primary,39.6819829,-75.7495640
Ricketts Mill Road,tertiary,39.6304750,-75.8258500
Fletchwood Road,secondary,39.6536739,-75.7894924
Appleton Road,tertiary,39.6874920,-75.8155200
South Main Street,primary,39.6765667,-75.7636114
Cecil Avenue,residential,39.6184280,-75.8320410
Red Hill Road,secondary,39.6201410,-75.7908790
n/a,path,39.6412940,-75.7576238
Kells Avenue,residential,39.6732771,-75.7515553
Water Works Lane,residential,39.6716674,-75.7515247
n/a,residential,39.6911190,-75.7499016
Deerbourne Trail,residential,39.6229737,-75.7795021
Old Baltimore Pike,secondary,39.6238517,-75.7796272
Tawes Drive,residential,39.7096270,-75.8373483
n/a,residential,39.6906639,-75.7575528
New London Road,primary,39.6906302,-75.7610645
n/a,residential,39.6914311,-75.7592960
Glen Avon Drive,residential,39.6219854,-75.7781985
Lynam Lookout Drive,residential,39.6394471,-75.7527796
Apple Road,residential,39.6776101,-75.7620446
Airport Road,residential,39.6440250,-75.8097100
Glen Avon Court,residential,39.6234671,-75.7771204
Rosetree Lane,residential,39.6119755,-75.7843597
n/a,path,39.6380656,-75.7604899
n/a,path,39.6376593,-75.7604124
n/a,path,39.6375924,-75.7604913
n/a,path,39.6409877,-75.7565600
n/a,path,39.6410744,-75.7562241
n/a,path,39.6399790,-75.7576926
Cobble Creek Curve,residential,39.6324702,-75.7429050
Cobble Creek Curve,residential,39.6324777,-75.7431416
Cobble Creek Curve,residential,39.6341169,-75.7410211
n/a,path,39.6861336,-75.8225524
n/a,path,39.6871850,-75.8225360
n/a,path,39.6869730,-75.8253360
n/a,path,39.6884140,-75.8185900
n/a,path,39.6858231,-75.8182551
n/a,path,39.6822290,-75.8179280
East Cleveland Avenue,tertiary,39.6857792,-75.7544376
West Cleveland Avenue,tertiary,39.6856560,-75.7577894
Russell Road,residential,39.6687520,-75.8366940
Nethy Drive,residential,39.6734500,-75.7869670
Braemar Drive,residential,39.6740810,-75.7859730
Abbotsford Lane,residential,39.6742710,-75.7850040
Elk Mills Road,secondary,39.6561860,-75.8188080
Russell Road,residential,39.6733940,-75.8324230
n/a,path,39.6943740,-75.8275060
Booth Road,residential,39.6696351,-75.8300866
Booth Road,residential,39.6695500,-75.8298220
Booth Road,residential,39.6672850,-75.8278810
Water Works Lane,residential,39.6710545,-75.7511642
Water Works Lane,residential,39.6709718,-75.7514575
Sypherd Drive,residential,39.6808843,-75.7609395
Apple Road,tertiary,39.6796349,-75.7647234
Water Works Lane,residential,39.6708563,-75.7528116
Water Works Lane,residential,39.6708719,-75.7525805
Water Works Lane,residential,39.6712408,-75.7506854
Old Baltimore Pike,secondary,39.6342190,-75.7469200
Triple Crown Court,residential,39.6248224,-75.7801459
Preakness Run,residential,39.6254174,-75.7806824
Preakness Run,residential,39.6254752,-75.7823883
Sir Barton Court,residential,39.6247893,-75.7840620
Dixie Line Road,tertiary,39.6245971,-75.7855248
Wyoming Road,tertiary,39.6763759,-75.7436723
n/a,cycleway,39.6736923,-75.7426851
Ritter Lane,residential,39.6718738,-75.7558533
Muddy Lane,residential,39.6262800,-75.7996490
n/a,tertiary_link,39.6798572,-75.7640622
Bartley Road,residential,39.6211980,-75.7679050
Barksdale Road,tertiary,39.6775654,-75.7809354
n/a,path,39.6395551,-75.7523995
n/a,path,39.6406816,-75.7525983
Appleton Road,tertiary,39.6916970,-75.8151710
Newark and Pomeroy Rail Trail,cycleway,39.6890354,-75.7539901
White Clay Drive,residential,39.6895443,-75.7539076
Creek Road,unclassified,39.6954750,-75.7559790
Swallow Drive,residential,39.6320110,-75.8150650
Derby Court,residential,39.6247082,-75.7847962
Wilshire Lane,residential,39.6940550,-75.7723733
Lynam Lookout Drive,residential,39.6352576,-75.7518542
Beverly Road,residential,39.6709420,-75.7593861
Apple Road,residential,39.6709298,-75.7609360
Chrysler Avenue,residential,39.6707746,-75.7623366
Wedgewood Road,residential,39.6974321,-75.7874402
Otts Chapel Road,secondary,39.6264200,-75.7731233
Edjil Drive,residential,39.6536094,-75.7419666
Edjil Drive,residential,39.6535461,-75.7427930
Old Baltimore Pike,secondary,39.6259855,-75.7732441
n/a,residential,39.6649827,-75.7525351
Roger Martin Lane,residential,39.6660285,-75.7471298
Russell Road,residential,39.6704300,-75.8354940
n/a,residential,39.6650195,-75.7519518
n/a,path,39.7095238,-75.8371176
n/a,path,39.7095577,-75.8371933
Old Baltimore Pike,secondary,39.6262324,-75.7724517
n/a,path,39.7118121,-75.8353482
n/a,path,39.7118233,-75.8348031
n/a,path,39.7128615,-75.8351353
Winfield Drive,residential,39.6966411,-75.7636538
Woodhill Court,residential,39.6985818,-75.7607126
East Cleveland Avenue,tertiary,39.6858718,-75.7535976
East Cleveland Avenue,tertiary,39.6861031,-75.7517774
North Chapel Street,primary,39.6870567,-75.7469932
East Cleveland Avenue,tertiary,39.6871774,-75.7461430
Hollingsworth Street,residential,39.6123470,-75.8341240
Richardson Lane,residential,39.6604787,-75.7476920
n/a,residential,39.6599571,-75.7502805
Bow Street,residential,39.6135920,-75.8312879
n/a,residential,39.6606204,-75.7504718
Ridge Road,residential,39.7051360,-75.7980880
n/a,residential,39.6605484,-75.7513038
n/a,residential,39.6603589,-75.7518512
Couples Drive,residential,39.6236096,-75.7485584
Bradley Run Road,residential,39.6680130,-75.8373940
Gallaher Road,residential,39.6727740,-75.8333950
Corporate Boulevard,residential,39.6161359,-75.7470645
Wakefield Drive,residential,39.6974820,-75.7596720
Wesley Street,residential,39.6155934,-75.8355753
Maryland Avenue,residential,39.6164235,-75.8352772
Miller Street,residential,39.6169052,-75.8342864
Park Circle,residential,39.6163341,-75.8326347
Maryland Avenue,residential,39.6150290,-75.8326703
n/a,path,39.6422185,-75.7498213
n/a,path,39.6408548,-75.7456171
Wedgewood Road,residential,39.7079353,-75.7815975
Heather Court,residential,39.6910997,-75.7630283
Elk Mills Road,secondary,39.6585560,-75.8261750
Corporate Boulevard,residential,39.6160683,-75.7457773
n/a,trunk_link,39.6159619,-75.7458878
Wright Avenue,residential,39.6582030,-75.8262840
n/a,residential,39.6605997,-75.7507347
Panorama Drive,residential,39.6889058,-75.7810840
n/a,steps,39.6385563,-75.7559244
Woods Road,unclassified,39.6697217,-75.7859525
West Galloway Court,residential,39.6759930,-75.7853210
n/a,trunk_link,39.6159425,-75.7444310
Center Street,residential,39.6847350,-75.7486750
Ridge Road,residential,39.7063580,-75.7968550
North Parkway,residential,39.7066160,-75.7965640
Oak Road,residential,39.7090270,-75.7962510
Woods Road,residential,39.7070410,-75.7973070
Elkton Road,primary,39.6721473,-75.7686258
Westfield Circle,residential,39.6737283,-75.7725578
Four Seasons Parkway,tertiary,39.6254246,-75.7462803
n/a,tertiary_link,39.6256198,-75.7459661
Four Seasons Parkway,tertiary,39.6254233,-75.7455019
Four Seasons Parkway,tertiary,39.6252899,-75.7459810
Kells Avenue,residential,39.6733181,-75.7473557
n/a,residential,39.6723978,-75.7473333
Lisa Court,residential,39.7123250,-75.7988330
Old Baltimore Pike,secondary,39.6349753,-75.7454492
Brown Street,residential,39.6181210,-75.8346470
Brown Street,residential,39.6181120,-75.8347000
Barksdale Road,tertiary,39.6794200,-75.7653933
South College Avenue,primary,39.6671490,-75.7529650
n/a,pedestrian,39.6873519,-75.7640744
Executive Drive,unclassified,39.6191509,-75.7450046
Executive Drive,unclassified,39.6188967,-75.7448234
South College Avenue,unclassified,39.6191738,-75.7453812
n/a,path,39.6404924,-75.7550758
n/a,path,39.6407326,-75.7546463
n/a,path,39.6413250,-75.7546420
n/a,path,39.6418253,-75.7546842
n/a,path,39.6417683,-75.7546734
n/a,path,39.6427746,-75.7544589
n/a,path,39.6429391,-75.7549297
n/a,path,39.6426369,-75.7549587
n/a,path,39.6428268,-75.7548589
n/a,path,39.6433486,-75.7549007
n/a,path,39.6422033,-75.7547604
James Street,residential,39.6220775,-75.8337275
n/a,path,39.6920830,-75.7460312
South College Avenue,unclassified,39.6231507,-75.7444704
West Galloway Court,residential,39.6759390,-75.7857740
Megan Circle,residential,39.6887310,-75.7919180
Kirkcaldy Drive,residential,39.6892300,-75.7922460
Paper Mill Road,primary,39.7087856,-75.7450655
Spanish Bay Court,residential,39.6161622,-75.7888228
n/a,residential,39.6616874,-75.7499028
Old Cooches Bridge Road,tertiary,39.6257776,-75.7428265
Four Seasons Parkway,tertiary,39.6253436,-75.7471709
West Lane,residential,39.7079423,-75.7934356
Winterthur Lane,residential,39.7088889,-75.7434593
Appleton Road,tertiary,39.6866810,-75.8155210
Appleton Road,tertiary,39.6868170,-75.8155210
Ballantrae Drive,residential,39.6873440,-75.7908450
Muddy Lane,residential,39.6364120,-75.8026110
Four Seasons Parkway,tertiary,39.6253021,-75.7449389
Nottingham Road,primary,39.6930320,-75.7829111
n/a,path,39.6458795,-75.7493641
Four Seasons Parkway,tertiary,39.6254768,-75.7446009
Trotters Turn,residential,39.7058759,-75.7818302
Carriage Lane,residential,39.7058460,-75.7764654
New London Road,primary,39.7138189,-75.7803173
n/a,trunk_link,39.6255719,-75.7434614
Darien Road,residential,39.7048654,-75.7752417
New Street,residential,39.6853556,-75.7487585
South Main Street,primary,39.6779330,-75.7619694
n/a,tertiary_link,39.6781375,-75.7627498
n/a,tertiary_link,39.6783910,-75.7626496
n/a,tertiary_link,39.6780827,-75.7627731
South Main Street,primary,39.6787565,-75.7609085
Godwin Drive,residential,39.6321063,-75.7455279
South Main Street,primary,39.6790233,-75.7606172
Muddy Lane,residential,39.6338270,-75.8023170
Bluegrass Drive,residential,39.6321840,-75.8039350
Russell Road,residential,39.6745680,-75.8301760
Newark and Pomeroy Rail Trail,cycleway,39.6931647,-75.7564536
Water Works Lane,residential,39.6704140,-75.7529288
South College Avenue,primary,39.6707879,-75.7531445
Colonial Court,residential,39.6771259,-75.7728100
Water Works Lane,residential,39.6708436,-75.7530003
Water Works Lane,residential,39.6716530,-75.7523319
Water Works Lane,residential,39.6716681,-75.7507274
Appleton Road,tertiary,39.7091710,-75.8187290
South College Avenue,unclassified,39.6319231,-75.7440585
Winsome Way,residential,39.6289013,-75.7451099
Hebron Hill,residential,39.6620180,-75.8366170
Glen Drive,residential,39.6967140,-75.7955220
Evans Drive,residential,39.6972420,-75.7942350
Old Baltimore Pike,secondary,39.6356388,-75.7441614
Anglin Drive,residential,39.6557216,-75.7441271
Deerbourne Trail,residential,39.6191615,-75.7785044
Old Baltimore Pike,secondary,39.6366470,-75.7424754
n/a,path,39.6975200,-75.8266510
Summer Park Crescent,residential,39.6259942,-75.7525097
Lynam Lookout Drive,residential,39.6358319,-75.7520472
Wedgewood Road,residential,39.7147500,-75.7599670
Pencader Connector,cycleway,39.6900417,-75.7556806
n/a,path,39.6884380,-75.8185650
n/a,path,39.6845960,-75.8260660
n/a,path,39.6939450,-75.8209090
n/a,path,39.6956470,-75.8210540
Welsh Tract Road,tertiary,39.6513109,-75.7502339
Stone Gate Boulevard,residential,39.6531280,-75.7889640
East Cleveland Avenue,tertiary,39.6870538,-75.7424685
Welsh Tract Road,tertiary,39.6514472,-75.7498692
Christopher Lane,unclassified,39.6889527,-75.7441733
Little Egypt Road,tertiary,39.7064060,-75.8019720
Welsh Tract Road,residential,39.6522939,-75.7483725
n/a,path,39.7047985,-75.7564173
Patriot's Way,residential,39.6212984,-75.8085660
Patriot's Way,residential,39.6212243,-75.8083541
Patriot's Way,residential,39.6211308,-75.8083106
Brewster Bridge Road,tertiary,39.6693310,-75.8187140
Kells Avenue,residential,39.6732857,-75.7505075
Water Works Lane,residential,39.6716855,-75.7505475
Patriot's Way,residential,39.6212917,-75.8086646
McArthur Lane,residential,39.6210751,-75.8085772
Margaret Street,unclassified,39.6875376,-75.7465854
Wedgemont Drive,residential,39.6401620,-75.8406470
Elkton Road,primary,39.6743683,-75.7662326
Winsome Way,residential,39.6291348,-75.7475637
Garvey Lane,residential,39.6305080,-75.7491310
South College Avenue,primary,39.6765379,-75.7535235
Orchard Road,residential,39.6765072,-75.7567647
Townsend Road,residential,39.6765056,-75.7579985
Beverly Road,residential,39.6764954,-75.7591717
Apple Road,residential,39.6764748,-75.7611883
Clipper Court,residential,39.6252310,-75.7502720
Cobblefield Drive,residential,39.6518357,-75.7593468
East Cobblefield Court,residential,39.6502820,-75.7592451
n/a,track,39.6858176,-75.7487446
North Chapel Street,primary,39.6865261,-75.7464408
North Chapel Street,primary,39.6866351,-75.7465230
North Chapel Street,primary,39.6868047,-75.7466688
Darien Road,residential,39.7054560,-75.7758323
Darien Road,residential,39.6985608,-75.7723926
Appleton Road,tertiary,39.6730010,-75.8154470
Appleton Road,tertiary,39.6745120,-75.8154760
Amherst Drive,residential,39.6853054,-75.7738666
Farmer Lane,residential,39.6837234,-75.7436635
Appleton Road,secondary,39.6335980,-75.8159550
Summer Park Crescent,residential,39.6243440,-75.7504530
North Parkway,residential,39.7057920,-75.7950507
East Delaware Avenue,primary,39.6818070,-75.7517394
East Delaware Avenue,primary,39.6818252,-75.7515146
Harkness Lane,residential,39.7029360,-75.7986620
Margaret Street,unclassified,39.6890502,-75.7464780
Creek View Road,residential,39.6892457,-75.7463750
South Main Street,primary,39.6750271,-75.7652599
West Park Place,tertiary,39.6747536,-75.7650373
West Park Place,tertiary,39.6748132,-75.7654943
West Park Place,tertiary,39.6749137,-75.7656467
West Park Place,tertiary,39.6747254,-75.7649012
Friendship Road,residential,39.6146300,-75.8229770
Friendship Road,residential,39.6154360,-75.8249460
Muddy Lane,residential,39.6212750,-75.7991570
Paper Mill Road,primary,39.7089569,-75.7450173
Spring Water Way,residential,39.6906540,-75.7840320
Delrem Drive,residential,39.6920778,-75.7759004
n/a,residential,39.6290624,-75.7456088
Waters Edge Drive,residential,39.6294218,-75.7457431
Waters Edge Drive,residential,39.6297973,-75.7444361
Waters Edge Drive,residential,39.6299114,-75.7466903
Waters Edge Drive,residential,39.6301963,-75.7470232
Waters Edge Drive,residential,39.6303836,-75.7471204
Waters Edge Drive,residential,39.6305345,-75.7443892
Waters Edge Drive,residential,39.6309764,-75.7466190
Waters Edge Drive,residential,39.6310016,-75.7463054
Waters Edge Drive,residential,39.6310263,-75.7459984
Waters Edge Drive,residential,39.6310792,-75.7452585
Wyoming Road,tertiary,39.6764037,-75.7435675
Greenway Tu,residential,39.6556142,-75.7728440
Thanksgiving Way,residential,39.6295330,-75.7517469
Christiana Drive,residential,39.6900890,-75.7585338
Wenark Drive,residential,39.6479157,-75.7806395
n/a,steps,39.6829151,-75.7528356
n/a,steps,39.6828786,-75.7523161
n/a,steps,39.6828440,-75.7528285
n/a,steps,39.6820594,-75.7521943
East Delaware Avenue,primary,39.6817077,-75.7529674
Telegraph Road,primary,39.6988601,-75.8419421
Amstel Avenue,residential,39.6807903,-75.7570560
Ritter Lane,residential,39.6718370,-75.7593982
Scarlett Court,residential,39.7042130,-75.7907740
Vassar Drive,residential,39.6875633,-75.7746250
Paper Mill Road,primary,39.6890828,-75.7485405
Creek View Road,residential,39.6890865,-75.7481896
n/a,residential,39.6945113,-75.7476583
n/a,residential,39.6946011,-75.7480103
n/a,residential,39.6945926,-75.7476197
Spring Water Way,residential,39.6915060,-75.7838220
Red Hill Road,secondary,39.6174370,-75.7993000
Cherry Tree Lane,residential,39.6168310,-75.7990390
Ritter Lane,residential,39.6718540,-75.7580948
Lovett Drive,residential,39.6467120,-75.8011660
Lovett Drive,residential,39.6458170,-75.8009950
n/a,path,39.6428341,-75.7542250
n/a,path,39.6427294,-75.7543226
Airport Road,residential,39.6435900,-75.8039870
n/a,primary_link,39.6657585,-75.7755047
Stine - Haskell Road,unclassified,39.6609782,-75.7811002
n/a,trunk_link,39.6651605,-75.7756154
n/a,primary_link,39.6651032,-75.7753360
Appleton Road,tertiary,39.6724270,-75.8154210
Pine Drive,residential,39.6467757,-75.7869266
Ritter Lane,residential,39.6718270,-75.7608386
n/a,cycleway,39.6693278,-75.7609956
Dixon Lane,residential,39.6403940,-75.8112500
n/a,path,39.6404845,-75.7546990
Pine Drive,residential,39.6444694,-75.7864771
n/a,path,39.6381411,-75.7606464
n/a,path,39.6393106,-75.7578668
Nottingham Road,primary,39.6913438,-75.7785010
n/a,path,39.6407396,-75.7578273
n/a,path,39.6420392,-75.7566786
n/a,path,39.6410424,-75.7566565
n/a,path,39.6410038,-75.7528230
n/a,path,39.6391601,-75.7559295
n/a,path,39.6391328,-75.7559875
n/a,path,39.6419133,-75.7558496
n/a,path,39.6404877,-75.7552870
n/a,path,39.6404470,-75.7561304
n/a,path,39.6417189,-75.7556962
n/a,path,39.6411774,-75.7549630
n/a,path,39.6408712,-75.7548959
n/a,path,39.6404027,-75.7552735
n/a,path,39.6401382,-75.7553383
n/a,path,39.6401922,-75.7557480
n/a,path,39.6402096,-75.7562026
n/a,path,39.6401994,-75.7563720
n/a,path,39.6397757,-75.7550981
n/a,path,39.6404545,-75.7560098
n/a,path,39.6408494,-75.7553573
n/a,path,39.6406677,-75.7553135
n/a,path,39.6421384,-75.7568537
n/a,residential,39.6891865,-75.7592202
n/a,path,39.6430543,-75.7557567
n/a,path,39.6426675,-75.7560830
n/a,path,39.6365663,-75.7593361
n/a,path,39.6356097,-75.7566691
n/a,path,39.6342425,-75.7580825
n/a,residential,39.6893492,-75.7595274
n/a,path,39.6369880,-75.7563139
n/a,path,39.6362713,-75.7591334
n/a,residential,39.6894081,-75.7594560
n/a,path,39.6362913,-75.7571210
n/a,path,39.6358790,-75.7567980
n/a,path,39.6360007,-75.7562726
n/a,path,39.6360084,-75.7568702
n/a,path,39.6367885,-75.7568045
n/a,path,39.6380852,-75.7579539
n/a,path,39.6382518,-75.7580039
n/a,path,39.6388091,-75.7560814
n/a,path,39.6386508,-75.7563504
n/a,path,39.6376347,-75.7563233
Robert L. Melson Lane,residential,39.6338416,-75.7573448
Maple Drive,residential,39.6453713,-75.7846199
Laurel Lane,residential,39.6450472,-75.7865459
Robert L. Melson Lane,residential,39.6311847,-75.7569169
n/a,path,39.6340722,-75.7578373
n/a,path,39.6325638,-75.7597244
n/a,path,39.6333615,-75.7591736
n/a,path,39.6322790,-75.7586314
n/a,path,39.6324487,-75.7594761
Ohio State Drive,residential,39.6518349,-75.7755052
Ohio State Drive,residential,39.6521919,-75.7758984
Clover Lane,residential,39.6456410,-75.7866790
n/a,tertiary_link,39.6820862,-75.7447795
n/a,tertiary_link,39.6819217,-75.7451102
Lawson Street,residential,39.6883021,-75.7472585
Ashley Drive,residential,39.7029070,-75.7922340
Ashley Drive,residential,39.7011034,-75.7895116
Wake Forest Drive,residential,39.6492231,-75.7730461
University Drive,residential,39.6509161,-75.7701241
Colorado Drive,residential,39.6522444,-75.7687148
Russell Road,residential,39.6736230,-75.8316320
Maple Drive,residential,39.6487005,-75.7854460
Maple Drive,residential,39.6465361,-75.7848881
Maple Drive,residential,39.6444066,-75.7844079
Belle Hill Road,residential,39.6335240,-75.8158480
Evans Drive,residential,39.6985990,-75.7930820
Jackson Hall School Road,residential,39.6801060,-75.8173310
Jackson Hall School Road,residential,39.6800430,-75.8175370
Rittenhouse Trail,path,39.6551155,-75.7572673
Appleton Road,tertiary,39.6782420,-75.8155170
Welsh Tract Road,tertiary,39.6499632,-75.7538998
Winsome Way,residential,39.6318660,-75.7505583
Otts Chapel Road,secondary,39.6326770,-75.7782150
Darien Road,residential,39.6993935,-75.7728377
Biscayne Place,residential,39.6422413,-75.7834509
Nottingham Road,primary,39.6923237,-75.7810675
Bartow Circle,residential,39.6435383,-75.7836378
n/a,path,39.6423197,-75.7560528
Little Egypt Road,tertiary,39.7013700,-75.7997420
Elk Mills Road,secondary,39.6626230,-75.8326003
Rittenhouse Trail,path,39.6529766,-75.7557667
n/a,path,39.7009919,-75.8195256
Deerbourne Trail,residential,39.6215192,-75.7800548
Rittenhouse Trail,path,39.6550512,-75.7575106
Appleton Road,tertiary,39.6785480,-75.8155240
Walnut Lane,residential,39.6277650,-75.8275480
Holly Oak Drive,residential,39.6469078,-75.7859073
Quincy Drive,residential,39.6761830,-75.7664807
Jackson Hall School Road,residential,39.6876561,-75.8016104
Markus Court,unclassified,39.6600368,-75.7733821
Gypsum Drive,residential,39.6495263,-75.7848270
Barksdale Court,residential,39.6658090,-75.8109830
Quail Lane,residential,39.6844757,-75.7761441
Quail Lane,residential,39.6845210,-75.7782744
Bobby Drive,residential,39.6573445,-75.7422792
Cordrey Road,residential,39.6568693,-75.7388389
Myers Road,residential,39.6546540,-75.7385298
n/a,path,39.6432823,-75.7563675
Appleton Road,tertiary,39.6664600,-75.8147660
Gypsum Drive,residential,39.6459559,-75.7839720
Creek View Road,residential,39.6892316,-75.7466668
East Cleveland Avenue,tertiary,39.6869748,-75.7476570
East Cleveland Avenue,tertiary,39.6871237,-75.7433839
Lehigh Road,residential,39.6709136,-75.7683383
Kenyon Lane,residential,39.6702534,-75.7673500
Swarthmore Drive,residential,39.6699534,-75.7668786
Shull Drive,residential,39.6700677,-75.7643869
Gypsum Drive,residential,39.6465595,-75.7841128
Gypsum Drive,residential,39.6466408,-75.7841313
Edjil Drive,residential,39.6534612,-75.7439082
Iris Court,residential,39.6471829,-75.7842633
Pine Drive,residential,39.6437838,-75.7862486
Gypsum Drive,residential,39.6477942,-75.7844093
Winterview Way,residential,39.6371921,-75.7479671
Robert Rhett Way,residential,39.6359024,-75.7498530
Robert Rhett Way,residential,39.6354900,-75.7509028
South Main Street,primary,39.6762873,-75.7639651
West Rosemont Circle,residential,39.7093830,-75.7948490
Robscott Turn,residential,39.6589617,-75.7441792
Robscott Turn,residential,39.6584206,-75.7436805
Willington Square Way,residential,39.7089999,-75.7442862
The Horseshoe,residential,39.7003179,-75.7801776
Bridle Brook Lane,residential,39.7000833,-75.7837274
Killens Pond Court,residential,39.7046730,-75.7441140
Nemours Way,residential,39.7039510,-75.7445900
n/a,residential,39.6474321,-75.7644527
n/a,residential,39.6477763,-75.7644896
Independence Way,residential,39.6479074,-75.7645322
Belle Hill Road,residential,39.6354370,-75.8059640
Susquehanna Circle,residential,39.6714019,-75.7660979
Park Drive,unclassified,39.6577239,-75.7487053
Old East Chestnut Hill Road,tertiary,39.6577313,-75.7485147
n/a,residential,39.6891413,-75.7591295
Tawes Drive,residential,39.7090300,-75.8360260
Tawes Drive,residential,39.7088650,-75.8355620
Patriot's Way,residential,39.6181817,-75.8033053
Pump House Road,track,39.7055164,-75.7567650
Lehigh Road,residential,39.6725940,-75.7664242
Lehigh Road,residential,39.6695292,-75.7699180
Lehigh Road,residential,39.6680479,-75.7696365
Farm House Road,residential,39.6939118,-75.7799295
Old Baltimore Pike,secondary,39.6301011,-75.7603919
Welsh Tract Road,tertiary,39.6433266,-75.7622181
n/a,primary_link,39.6707059,-75.7710110
n/a,residential,39.6662936,-75.7468964
Stirrup Drive,residential,39.6616260,-75.8036580
Red Hill Road,secondary,39.6196940,-75.7922960
n/a,path,39.6389046,-75.7565682
Patriot's Way,residential,39.6210115,-75.8079898
Stirrup Drive,residential,39.6613460,-75.8048820
Patriot's Way,residential,39.6214213,-75.8089809
Thomas Jefferson Terrace,residential,39.6183008,-75.8022713
Thomas Jefferson Terrace,residential,39.6190776,-75.8003294
Thomas Jefferson Terrace,residential,39.6211933,-75.8017242
Constitution Terrace,residential,39.6227688,-75.8014764
Thomas Jefferson Terrace,residential,39.6176313,-75.8069276
Cat Swamp Road,residential,39.6827280,-75.8033950
Patriot's Way,residential,39.6222346,-75.8101248
Patriot's Way,residential,39.6235002,-75.8100433
Henry Way,residential,39.6219755,-75.8129562
Richardson Lane,residential,39.6604879,-75.7461109
Appleton Road,tertiary,39.6585650,-75.8138760
Creek Road,residential,39.6572360,-75.8171040
Maryland Avenue,residential,39.6149701,-75.8325837
Elkton Boulevard,residential,39.6147111,-75.8349186
Park Circle,residential,39.6167283,-75.8331317
Delrem Drive,residential,39.6926782,-75.7764438
n/a,residential,39.6362070,-75.7885870
Orchard Road,residential,39.6718700,-75.7567340
Nottingham Road,primary,39.6926468,-75.7819072
Nottingham Road,primary,39.6928017,-75.7823025
Paper Mill Road,primary,39.7060450,-75.7458420
Ashland Way,residential,39.7058770,-75.7445420
Nemours Way,residential,39.7029480,-75.7438380
Otts Chapel Road,secondary,39.6428799,-75.7794407
Persimmon Lane,residential,39.6501880,-75.7801090
n/a,secondary_link,39.6521591,-75.7803668
Otts Chapel Road,secondary,39.6542994,-75.7814667
Otts Chapel Road,secondary,39.6549767,-75.7820514
Otts Chapel Road,secondary,39.6578960,-75.7844665
Otts Chapel Road,secondary,39.6549808,-75.7822124
Otts Chapel Road,secondary,39.6542250,-75.7815472
Otts Chapel Road,secondary,39.6501830,-75.7802840
Welsh Tract Road,tertiary,39.6379345,-75.7789521
East Park Circle,residential,39.6147253,-75.8328694
Iron Hill Road,tertiary,39.6464723,-75.7909081
Tawes Drive,residential,39.7082470,-75.8271710
n/a,path,39.6961700,-75.8208780
n/a,path,39.6939694,-75.8267402
n/a,path,39.6939740,-75.8264280
n/a,path,39.6940300,-75.8268870
n/a,path,39.6952270,-75.8261620
Red Hill Road,secondary,39.6164218,-75.8025975
Thomas Jefferson Terrace,residential,39.6180207,-75.8043662
Riverside Drive,residential,39.6263110,-75.8257020
Jackson Hall School Road,residential,39.6912933,-75.7943618
Hidden Valley Drive,residential,39.6963056,-75.7833203
Brewster Bridge Road,tertiary,39.6689690,-75.8221460
Wedgewood Road,residential,39.6999245,-75.7872837
Elkwood Road,residential,39.6295980,-75.8028220
n/a,track,39.6875602,-75.7659516
n/a,path,39.6879004,-75.7669868
South College Avenue,primary,39.6685950,-75.7529862
Appaloosa Tr,residential,39.6579830,-75.8040810
Winsome Way,residential,39.6286510,-75.7439746
South College Avenue,primary,39.6732570,-75.7534623
Deer Court,residential,39.7122280,-75.7971280
Lisa Court,residential,39.7129140,-75.7980140
Paper Mill Road,primary,39.7109692,-75.7437761
Timberline Drive,residential,39.6914989,-75.7803352
Timberline Drive,residential,39.6876960,-75.7784570
Russell Road,residential,39.6737150,-75.8313000
n/a,path,39.6462540,-75.7572552
n/a,path,39.6457321,-75.7573992
n/a,path,39.6463127,-75.7522551
n/a,path,39.6462850,-75.7508179
Garvey Lane,residential,39.6305428,-75.7477032
Garvey Lane,residential,39.6316287,-75.7517087
n/a,path,39.6539894,-75.7731700
n/a,path,39.6537678,-75.7726287
n/a,path,39.6537090,-75.7723994
n/a,path,39.6531230,-75.7703730
Louviers Drive,residential,39.7111927,-75.7433206
Paper Mill Road,primary,39.7110034,-75.7437468
Louviers Drive,residential,39.7110355,-75.7431036
Louviers Drive,residential,39.7111721,-75.7431116
Louviers Drive,residential,39.7111670,-75.7432397
Service Road,unclassified,39.6619377,-75.7802681
University Drive,residential,39.6524787,-75.7699680
W Parkway,residential,39.7041650,-75.7963660
Beechwood Lane,residential,39.7041330,-75.7947700
Welsh Tract Road,tertiary,39.6471123,-75.7586454
Welsh Tract Road,tertiary,39.6462779,-75.7590048
Welsh Hill Road,residential,39.6389260,-75.7738270
Welsh Tract Road,tertiary,39.6384519,-75.7763107
Townsend Road,residential,39.6774478,-75.7580265
Beverly Road,residential,39.6774471,-75.7588582
Patriot's Way,residential,39.6183364,-75.8034316
Ashley Drive,residential,39.7026930,-75.7907400
Red Hill Road,secondary,39.6180880,-75.7973240
Muddy Lane,residential,39.6354065,-75.8023330
Jackson Hall School Road,residential,39.6921266,-75.7926569
n/a,track,39.6398125,-75.8294299
Jackson Hall School Road,residential,39.6841819,-75.8086033
Jackson Hall School Road,residential,39.6842644,-75.8084504
Ridge Road,residential,39.7052960,-75.7979380
n/a,secondary_link,39.6523839,-75.7797881
Otts Chapel Road,secondary,39.6525275,-75.7804636
Clipper Court,residential,39.6245702,-75.7508591
Wedgewood Road,residential,39.7067770,-75.7847070
Wedgewood Road,residential,39.7077574,-75.7820815
n/a,steps,39.6549035,-75.7720024
Rittenhouse Trail,path,39.6890924,-75.7773119
Park Drive,unclassified,39.6576102,-75.7505820
Park Drive,unclassified,39.6576795,-75.7497486
Wyncliff Lane,residential,39.6995348,-75.7488114
Ricketts Mill Road,tertiary,39.6349770,-75.8312750
n/a,path,39.6928859,-75.7460801
Christina Mill Drive,residential,39.6695410,-75.7744655
North Street,secondary,39.6196860,-75.8291400
Elk Mills Road,secondary,39.6604990,-75.8286330
North Wynwyd Drive,residential,39.6867592,-75.7788399
Chippenham Drive,residential,39.7083009,-75.7873331
Amstel Avenue,residential,39.6808630,-75.7572651
Belle Hill Road,residential,39.6356680,-75.8063580
South Main Street,primary,39.6820302,-75.7573897
South Main Street,primary,39.6812609,-75.7582756
Ashley Drive,residential,39.7017385,-75.7899625
Elkton Road,primary,39.6748770,-75.7656857
Suburban Drive,residential,39.6673726,-75.7739685
Stine - Haskell Road,unclassified,39.6610687,-75.7812515
West Road,unclassified,39.6584422,-75.7841673
Otts Chapel Road,secondary,39.6580202,-75.7846400
South Main Street,primary,39.6802018,-75.7592629
South Main Street,primary,39.6794740,-75.7601250
South Main Street,primary,39.6768222,-75.7631132
Elkton Road,primary,39.6742622,-75.7660969
Elkton Road,primary,39.6733354,-75.7671023
Elkton Road,primary,39.6720710,-75.7685267
Elkton Road,primary,39.6654710,-75.7758694
n/a,path,39.6979420,-75.8371970
Atlanta Court,residential,39.7032590,-75.7895290
South Main Street,primary,39.6786726,-75.7611247
South Main Street,primary,39.6786232,-75.7610540
Paper Mill Road,primary,39.7128002,-75.7422965
Paper Mill Road,primary,39.7124987,-75.7424664
Marlyn Drive,residential,39.7017320,-75.8170340
South College Avenue,primary,39.6591540,-75.7518295
Quincy Drive,residential,39.6761460,-75.7668969
Independence Drive,residential,39.6144770,-75.8002150
Shull Drive,residential,39.6674889,-75.7649351
Alexandria Drive,residential,39.6672769,-75.7694445
Fletchwood Road,secondary,39.6539700,-75.7965170
Sycamore Road,residential,39.6527490,-75.7968510
n/a,path,39.6973390,-75.8378130
Rhett Court,residential,39.7041330,-75.7920580
n/a,path,39.6910530,-75.8286450
Lumber Mill Lane,residential,39.6543420,-75.8349790
Rail Lane,unclassified,39.6528073,-75.8338604
Vieves Way,residential,39.6631190,-75.8086790
Tawes Drive,residential,39.7082940,-75.8281210
n/a,path,39.6997720,-75.8267480
n/a,residential,39.6996410,-75.8270780
n/a,residential,39.6995980,-75.8273698
n/a,residential,39.6995410,-75.8276997
Telegraph Road,primary,39.6971780,-75.8037400
Welsh Hill Road,residential,39.6383851,-75.7737028
n/a,tertiary,39.6579600,-75.7483333
Elk Mills Road,secondary,39.6634740,-75.8366810
n/a,tertiary,39.6578337,-75.7481241
Elk Mills Road,secondary,39.6636440,-75.8368480
Cherry Tree Lane,residential,39.6137380,-75.8001870
West Road,unclassified,39.6633165,-75.7845554
Cannons Way,residential,39.6569473,-75.7476558
n/a,steps,39.6807082,-75.7534497
Hullihen Drive,residential,39.6802240,-75.7677463
n/a,path,39.6794476,-75.7445961
n/a,path,39.6793990,-75.7445770
n/a,path,39.6821683,-75.7465247
n/a,path,39.6821868,-75.7463240
n/a,path,39.6819952,-75.7462960
n/a,path,39.6819776,-75.7465010
n/a,path,39.6821294,-75.7483101
n/a,path,39.6833399,-75.7484377
Argyle Road,residential,39.6580145,-75.7426472
Wyoming Road,tertiary,39.6766362,-75.7423524
Barksdale Road,tertiary,39.6729170,-75.7953440
North Rosemont Circle,residential,39.7122020,-75.7930920
Jackson Hall School Road,residential,39.6939589,-75.7890342
Oakridge Court,residential,39.6598460,-75.8114200
Smith Road,residential,39.7060910,-75.7971050
Crest Road,residential,39.7048560,-75.7982780
W Parkway,residential,39.7042270,-75.7988460
Crest Road,residential,39.7039800,-75.7994430
Little Egypt Road,tertiary,39.7035880,-75.8004360
n/a,path,39.6948000,-75.8282460
Four Seasons Parkway,tertiary,39.6266115,-75.7587852
Four Seasons Parkway,tertiary,39.6267240,-75.7572696
Winterhaven Drive,residential,39.6279614,-75.7500138
Winterhaven Drive,residential,39.6282855,-75.7497551
Four Seasons Parkway,tertiary,39.6267070,-75.7502393
Spring Valley Road,residential,39.6933294,-75.7885230
n/a,residential,39.6977310,-75.7889132
W Parkway,residential,39.7031140,-75.7966700
n/a,path,39.6758110,-75.8277520
Wedgewood Road,residential,39.6959830,-75.7875514
East Delaware Avenue,primary,39.6818620,-75.7510595
East Delaware Avenue,primary,39.6818743,-75.7509070
n/a,residential,39.6649924,-75.7523820
East Delaware Avenue,primary,39.6819518,-75.7499485
East Delaware Avenue,primary,39.6819393,-75.7501035
Barksdale Road,tertiary,39.6751490,-75.7907300
Little Egypt Road,tertiary,39.7056260,-75.8017860
n/a,track,39.6637421,-75.7934206
South Edgewood Lane,residential,39.7023360,-75.8133630
James Street,residential,39.6222070,-75.8337820
West Delaware Avenue,primary,39.6816493,-75.7537115
Vassar Drive,residential,39.6883938,-75.7753477
East Delaware Avenue,primary,39.6816628,-75.7535227
n/a,residential,39.6971260,-75.7889466
n/a,residential,39.6973795,-75.7889326
Nottingham Road,primary,39.6947898,-75.7874747
Belle Hill Road,residential,39.6362981,-75.8074899
n/a,path,39.6982526,-75.7408528
Suburban Drive,residential,39.6677387,-75.7790344
Suburban Drive,residential,39.6683495,-75.7807999
Lovett Drive,residential,39.6443570,-75.8000980
n/a,path,39.6930700,-75.8283030
Blue Hen Ridge,residential,39.6780445,-75.7832927
Performance Court,unclassified,39.6476741,-75.7945657
Performance Drive,unclassified,39.6481014,-75.7953286
Elkton Boulevard,residential,39.6182582,-75.8298368
Park Way Road,residential,39.6162103,-75.8303350
Jackson Hall School Road,residential,39.6941676,-75.7886159
Red Hill Road,secondary,39.6144540,-75.8087360
Buttonbush Court,residential,39.6553440,-75.7921630
Persimmon Lane,residential,39.6566320,-75.7910420
King Street,residential,39.6144073,-75.8341188
East Park Circle,residential,39.6155714,-75.8357004
Maryland Avenue,residential,39.6165146,-75.8353773
East Park Circle,residential,39.6168319,-75.8330404
Park Way Road,residential,39.6165717,-75.8326660
East Park Circle,residential,39.6164823,-75.8325782
Delancy Road,secondary,39.6167102,-75.7919192
Wedgemont Drive,residential,39.6419040,-75.8368140
North Street,secondary,39.6161170,-75.8297330
Appleton Road,tertiary,39.6891350,-75.8155020
Appleton Road,tertiary,39.6894500,-75.8154960
Wilshire Lane,residential,39.6940992,-75.7734101
Victoria Court,residential,39.6817371,-75.7450700
Warner Road,residential,39.6309380,-75.8094190
Elk Mills Road,secondary,39.6614550,-75.8298660
Patriot's Way,residential,39.6211206,-75.8084283
Patriot's Way,residential,39.6212063,-75.8086231
Elk Mills Road,secondary,39.6625561,-75.8319877
Lynam Lookout Drive,residential,39.6373409,-75.7524717
Appleton Road,secondary,39.6245068,-75.8255733
Appleton Road,secondary,39.6279326,-75.8215460
Register Drive,residential,39.6966306,-75.7485731
Little Egypt Road,tertiary,39.6998250,-75.8003620
Red Hill Road,secondary,39.6163460,-75.8028300
Appleton Road,tertiary,39.6601940,-75.8140330
Appleton Road,tertiary,39.6596820,-75.8139920
Appleton Road,tertiary,39.6601150,-75.8140270
n/a,path,39.6408365,-75.7568328
Brewster Bridge Road,tertiary,39.6659380,-75.8374610
West Tulip Lane,residential,39.6442172,-75.7864365
Lehigh Road,residential,39.6720952,-75.7669774
Appleton Road,secondary,39.6261220,-75.8236670
n/a,path,39.6780310,-75.8270380
Stone Gate Boulevard,residential,39.6521690,-75.7893220
Stone Gate Boulevard,residential,39.6520270,-75.7894940
Stone Gate Boulevard,residential,39.6514920,-75.7900870
Research Boulevard,residential,39.6630507,-75.7619571
Stone Gate Boulevard,residential,39.6505710,-75.7904910
n/a,residential,39.6620282,-75.7614254
Research Boulevard,residential,39.6638038,-75.7591632
Prairie Drive,residential,39.6304020,-75.8040830
Prairie Drive,residential,39.6294710,-75.8038920
University Drive,residential,39.6493000,-75.7700797
Cirnwallis Square,residential,39.6573653,-75.7490058
Vieves Way,residential,39.6626130,-75.8125600
n/a,path,39.6822046,-75.7562959
Christina Mill Drive,residential,39.6683547,-75.7729273
Christina Mill Drive,residential,39.6684939,-75.7727746
Elkton Road,primary,39.6685812,-75.7726849
West Main Street,primary,39.6827563,-75.7564717
Christina Mill Drive,residential,39.6696385,-75.7744260
South Main Street,primary,39.6829673,-75.7560309
Christina Mill Drive,residential,39.6702230,-75.7757895
Elkton Road,primary,39.6716297,-75.7692238
Elkton Road,primary,39.6715805,-75.7692814
Brewster Bridge Road,tertiary,39.6676281,-75.8261196
Brewster Bridge Road,tertiary,39.6677239,-75.8255800
Rail Lane,unclassified,39.6518640,-75.8350752
Telegraph Road,primary,39.6979690,-75.8095910
Telegraph Road,primary,39.6979250,-75.8092480
Fletchwood Road,secondary,39.6539580,-75.7919410
Caribou Court,residential,39.6544033,-75.7920011
Whitetail Way,residential,39.6568310,-75.7901780
Appleton Road,tertiary,39.6565550,-75.8136760
Elk Mills Road,secondary,39.6562680,-75.8143560
Appleton Road,tertiary,39.6567670,-75.8136990
Appleton Road,tertiary,39.6570080,-75.8137250
Danbury Road,residential,39.6932940,-75.7710800
Apple Road,tertiary,39.6790526,-75.7642206
Brewster Bridge Road,tertiary,39.6693790,-75.8192680
Park Place,residential,39.6154940,-75.8335459
Willington Square Way,residential,39.7070307,-75.7426387
West Park Place,tertiary,39.6749754,-75.7655812
Christina Mill Drive,residential,39.6702960,-75.7757171
Christina Mill Drive,residential,39.6703525,-75.7756441
Christina Mill Drive,residential,39.6705591,-75.7741916
n/a,track,39.6605727,-75.7885423
n/a,path,39.6413344,-75.7555604
n/a,path,39.6425841,-75.7558180
Christiana Drive,residential,39.6907951,-75.7585166
Christiana Drive,residential,39.6901688,-75.7570150
n/a,path,39.6429913,-75.7551407
n/a,path,39.6426585,-75.7559464
n/a,path,39.6430834,-75.7559115
n/a,path,39.6369210,-75.7603019
Darien Road,residential,39.7002917,-75.7746856
n/a,path,39.6956730,-75.8306630
Millstone Drive,residential,39.6676469,-75.7736603
n/a,path,39.6346271,-75.7578030
n/a,path,39.6351348,-75.7572704
n/a,path,39.6972580,-75.8364230
Appleton Road,secondary,39.6219260,-75.8278290
n/a,path,39.6895210,-75.8290460
n/a,path,39.6919480,-75.8334840
n/a,path,39.6901580,-75.8286310
South Twin Lakes Boulevard,residential,39.6537387,-75.7837393
Edwards Drive,residential,39.6539493,-75.7867132
South Twin Lakes Boulevard,residential,39.6541772,-75.7844341
Edwards Drive,residential,39.6544622,-75.7849286
North Twin Lakes Boulevard,residential,39.6550957,-75.7858992
North Twin Lakes Boulevard,residential,39.6552747,-75.7861572
North Twin Lakes Boulevard,residential,39.6555287,-75.7857022
Red Hill Road,secondary,39.6159927,-75.8039739
New London Road,primary,39.6857219,-75.7585306
Amstel Avenue,residential,39.6807210,-75.7568535
Amstel Avenue,residential,39.6806187,-75.7565564
n/a,residential,39.6809678,-75.7448864
n/a,path,39.6405670,-75.7540177
North Street,secondary,39.6160510,-75.8297510
n/a,residential,39.6675764,-75.7790153
n/a,residential,39.6676636,-75.7789127
Saw Mill Court,residential,39.6785953,-75.7741711
Victoria Court,residential,39.6816764,-75.7455228
n/a,path,39.6379418,-75.7559132
Ricketts Mill Road,tertiary,39.6349410,-75.8311620
Pleasant Valley Road,secondary,39.6258017,-75.7726448
n/a,primary_link,39.6831650,-75.7566664
University Drive,residential,39.6501183,-75.7704925
Appleton Road,secondary,39.6313330,-75.8173040
Bartley Road,residential,39.6222220,-75.7681720
Chambers Street,residential,39.6767239,-75.7453626
Iron Hill Road,tertiary,39.6471550,-75.7910060
North Chapel Street,primary,39.6867555,-75.7466282
Iron Hill Road,tertiary,39.6446410,-75.7907020
Winterhaven Drive,residential,39.6269234,-75.7487516
Winterhaven Drive,residential,39.6274156,-75.7500226
Pencader Connector,cycleway,39.6901324,-75.7549772
Snowflake Drive,residential,39.6260175,-75.7471322
Winterhaven Drive,residential,39.6264073,-75.7481769
Covered Bridge Lane,residential,39.7035389,-75.7837022
Carriage Lane,residential,39.7057362,-75.7759499
Margaret Street,unclassified,39.6880701,-75.7461647
Margaret Street,unclassified,39.6888867,-75.7463078
Hebron Hill,residential,39.6607440,-75.8377200
Halloween Run,residential,39.6290715,-75.7560757
Harvest Trail,residential,39.6288440,-75.7516305
Holiday Place,residential,39.6284712,-75.7536974
Halloween Run,residential,39.6274131,-75.7558845
Halloween Run,residential,39.6273199,-75.7558712
Holiday Place,residential,39.6276285,-75.7535881
Interchange Boulevard,residential,39.6615549,-75.7785904
Casho Mill Road,tertiary,39.6709527,-75.7712836
Country Hills Drive,residential,39.6774880,-75.7861310
Nottingham Road,primary,39.6942856,-75.7861657
Nottingham Road,primary,39.6944312,-75.7865436
Nottingham Road,primary,39.6944820,-75.7866755
Nottingham Road,primary,39.6946243,-75.7870449
Nottingham Road,primary,39.6946542,-75.7871226
Nottingham Road,primary,39.6950299,-75.7881126
Nottingham Road,primary,39.6950781,-75.7882779
Nottingham Road,primary,39.6951502,-75.7885101
Wedgewood Road,residential,39.7011854,-75.7872201
O'Daniel Avenue,residential,39.6748929,-75.7708550
n/a,unclassified,39.6688760,-75.7425392
Farm Lane,residential,39.6686580,-75.7475128
Edjil Drive,residential,39.6526910,-75.7489670
Old Cooches Bridge Road,residential,39.6523558,-75.7484530
Greenhouse Lane,unclassified,39.6656123,-75.7875536
Fletchwood Road,secondary,39.6539350,-75.7901124
n/a,residential,39.6539285,-75.7946012
Willow Drive,residential,39.6547750,-75.8047200
Willow Drive,residential,39.6547840,-75.8048230
Maple Avenue,residential,39.6158945,-75.8279021
Kentmere Avenue,residential,39.6159480,-75.8278940
Oakridge Court,residential,39.6558800,-75.8114310
Appleton Road,tertiary,39.6836240,-75.8155090
South College Avenue,primary,39.6717754,-75.7534095
Holton Place,residential,39.6706700,-75.7533018
Water Works Lane,residential,39.6703817,-75.7532615
n/a,residential,39.6609620,-75.7462098
Kirkcaldy Drive,residential,39.6811887,-75.7886795
Gilpin Avenue,residential,39.6205300,-75.8356210
West Rosemont Circle,residential,39.7110150,-75.7956160
Appleton Road,tertiary,39.6796530,-75.8155120
Carriage Wood Court,residential,39.6321017,-75.7657784
Woods Road,unclassified,39.6668588,-75.7880279
Brewster Bridge Road,tertiary,39.6693570,-75.8213260
South Edgewood Drive,residential,39.7033220,-75.8140150
Casho Mill Road,tertiary,39.6722050,-75.7721487
Russell Lane,residential,39.6746351,-75.7739775
Ellis Court,residential,39.6727238,-75.7741160
Winterhaven Drive,residential,39.6265512,-75.7480927
South Edgewood Lane,residential,39.7018820,-75.8123220
Brewster Bridge Road,tertiary,39.6660110,-75.8368370
West Park Place,tertiary,39.6744379,-75.7534990
Kentmere Avenue,residential,39.6179770,-75.8285990
Willow Drive,residential,39.6530855,-75.8026620
Maple Avenue,residential,39.6160060,-75.8291090
South Chestnut Drive,residential,39.6535644,-75.7998201
Sycamore Road,residential,39.6527910,-75.7976840
Sycamore Road,residential,39.6524650,-75.8022030
Willow Drive,residential,39.6525180,-75.8025510
Jackson Hall School Road,residential,39.6910391,-75.7948846
Independence Drive,residential,39.6161600,-75.8011840
West Cleveland Avenue,tertiary,39.6856375,-75.7578622
Cherry Tree Lane,residential,39.6159540,-75.7985580
n/a,residential,39.6615505,-75.7520489
Hollingsworth Avenue,residential,39.6159550,-75.8285070
South College Avenue,primary,39.6615375,-75.7522349
Marvin Drive,residential,39.6614131,-75.7535316
Jackson Hall School Road,residential,39.6886081,-75.7997425
Rittenhouse Trail,path,39.6551011,-75.7573420
Messina Lane,residential,39.6947690,-75.8062430
James Street,residential,39.6202938,-75.8329162
Telegraph Road,primary,39.6979340,-75.8093170
Gina Marie Lane,residential,39.6247487,-75.8303004
Jesse Boyd Circle,residential,39.6259442,-75.8378204
King William Street,residential,39.6751939,-75.7836249
Paper Mill Road,primary,39.6956486,-75.7507108
Paper Mill Road,primary,39.6958698,-75.7506887
n/a,primary_link,39.6956520,-75.7503716
Paper Mill Road,primary,39.6956478,-75.7507856
Paper Mill Road,primary,39.6953465,-75.7506741
Paper Mill Road,primary,39.6971730,-75.7500920
Paper Mill Road,primary,39.6950482,-75.7506040
Rahway Drive,residential,39.6821871,-75.7761014
Stamford Drive,residential,39.7004855,-75.7717075
Danna Lane,residential,39.7016025,-75.7717224
Wedgemont Drive,residential,39.6392020,-75.8406670
Ricketts Mill Road,tertiary,39.6303041,-75.8250924
Ricketts Mill Road,tertiary,39.6301961,-75.8248762
Ricketts Mill Road,tertiary,39.6292530,-75.8229500
Barksdale Road,tertiary,39.6733760,-75.7943680
Telegraph Road,primary,39.6971060,-75.8031910
Nottingham Road,primary,39.6933379,-75.7837054
Nottingham Road,primary,39.6934674,-75.7840416
Nottingham Road,primary,39.6935557,-75.7842708
Nottingham Road,primary,39.6935888,-75.7843568
Nottingham Road,primary,39.6936092,-75.7844096
Nottingham Road,primary,39.6937032,-75.7846536
Nottingham Road,primary,39.6939106,-75.7851921
Winterhaven Drive,residential,39.6284613,-75.7473240
Snowflake Drive,residential,39.6289645,-75.7469979
Nottingham Road,primary,39.6942603,-75.7861001
Nottingham Road,primary,39.6942665,-75.7861160
Stone House Lane,residential,39.6991070,-75.8305140
Stone House Lane,residential,39.7007370,-75.8320440
Service Road,unclassified,39.6661150,-75.7855152
n/a,cycleway,39.6722981,-75.7473179
Elkwood Road,residential,39.6293460,-75.8051410
Summer Park Crescent,residential,39.6245310,-75.7489990
Four Seasons Parkway,tertiary,39.6257450,-75.7482080
North College Avenue,residential,39.6867360,-75.7545540
North College Avenue,residential,39.6868840,-75.7545670
South Main Street,primary,39.6777206,-75.7622182
Apple Road,residential,39.6776529,-75.7621021
Brook Drive,residential,39.6574418,-75.7530279
Brook Drive,residential,39.6574600,-75.7528700
West Chestnut Hill Road,tertiary,39.6548570,-75.7525500
West Chestnut Hill Road,tertiary,39.6547020,-75.7527730
n/a,steps,39.6828960,-75.7528337
Ben Boulevard,residential,39.6153621,-75.8058841
Nottingham Road,primary,39.6928644,-75.7824681
Nottingham Road,primary,39.6929514,-75.7826980
Nottingham Road,primary,39.6930738,-75.7830197
Nottingham Road,primary,39.6931119,-75.7831185
University Drive,residential,39.6553828,-75.7699359
Beech Court,residential,39.6564950,-75.8010390
Willow Drive,residential,39.6564130,-75.8009980
Pagoda Lane,residential,39.6866077,-75.7810284
Nottingham Road,primary,39.6933112,-75.7836360
Belle Hill Road,residential,39.6379110,-75.8031750
Belle Hill Road,residential,39.6378630,-75.8033300
Belle Hill Road,residential,39.6377300,-75.8037530
Vieves Way,residential,39.6626290,-75.8121990
n/a,residential,39.6365510,-75.7511887
n/a,residential,39.6367625,-75.7510074
n/a,path,39.6993048,-75.8193883
Otts Chapel Road,secondary,39.6508890,-75.7803680
Otts Chapel Road,secondary,39.6509250,-75.7801880
n/a,path,39.7000808,-75.8257067
Kelly Court,residential,39.6271485,-75.7749840
Nona Lane,residential,39.6275594,-75.7749743
Glen Creek Circle,residential,39.6281020,-75.8020078
Barksdale Road,tertiary,39.6762448,-75.7885729
Entre Lane,residential,39.6284886,-75.7755687
Glen Creek Circle,residential,39.6286334,-75.8021086
Glen Creek Circle,residential,39.6291490,-75.8022063
Starling Lane,residential,39.6686340,-75.8059980
Old Baltimore Pike,secondary,39.6371669,-75.7415123
n/a,residential,39.6914528,-75.7592444
Appleton Road,secondary,39.6493260,-75.8129630
Short Lane,residential,39.6732461,-75.7670293
Chrysler Avenue,residential,39.6714376,-75.7690891
Gravenor Lane,residential,39.6694579,-75.7713680
Airport Road,residential,39.6437060,-75.8032070
Appaloosa Tr,residential,39.6579300,-75.8050850
Palomino Place,residential,39.6572740,-75.8050150
Airport Road,residential,39.6437530,-75.8070250
n/a,residential,39.6481823,-75.7898742
Stone Gate Boulevard,residential,39.6488592,-75.7900284
n/a,residential,39.6490205,-75.7905600
Pilgrims Path,residential,39.6293503,-75.7537597
Thanksgiving Way,residential,39.6292611,-75.7530305
Winterhaven Drive,residential,39.6296909,-75.7499969
Winterhaven Drive,residential,39.6296448,-75.7504108
Stone Gate Boulevard,residential,39.6484995,-75.7902121
Winterhaven Drive,residential,39.6272472,-75.7500829
Winsome Way,residential,39.6322342,-75.7489251
Lynam Lookout Drive,residential,39.6338120,-75.7541097
n/a,track,39.7124017,-75.8370367
n/a,path,39.6889462,-75.7636513
n/a,path,39.7117076,-75.8347621
Appleton Road,tertiary,39.6633420,-75.8143890
Ivy Lane,residential,39.6461861,-75.7868140
Hillside Road,tertiary,39.6796569,-75.7646579
Madison Drive,residential,39.6766890,-75.7665315
Nottingham Road,primary,39.6922020,-75.7807492
Nottingham Road,primary,39.6924909,-75.7815065
Nottingham Road,primary,39.6926979,-75.7820367
Nottingham Road,primary,39.6928334,-75.7823863
n/a,cycleway,39.6711840,-75.7503636
n/a,cycleway,39.6717057,-75.7505242
Old East Chestnut Hill Road,tertiary,39.6577971,-75.7484339
Willow Drive,residential,39.6566830,-75.7999190
Appaloosa Tr,residential,39.6585670,-75.8014580
Willow Drive,residential,39.6599050,-75.8030860
Stirrup Drive,residential,39.6603660,-75.8034880
Brinton Way,residential,39.7027210,-75.8024550
Farmer Lane,residential,39.6821280,-75.7432999
Elkton Road,primary,39.6715033,-75.7691785
n/a,cycleway,39.6727301,-75.7452161
n/a,cycleway,39.6730298,-75.7442247
n/a,cycleway,39.6736085,-75.7425144
Dennis Drive,residential,39.6971240,-75.7952170
n/a,residential,39.6672965,-75.7529789
Station Way,residential,39.6670119,-75.7544574
Telegraph Road,primary,39.6953554,-75.7895471
Covered Bridge Lane,residential,39.7013123,-75.7854481
Covered Bridge Lane,residential,39.7033098,-75.7840219
Willow Drive,residential,39.6598390,-75.7995530
Autumn Horseshoe Bend,residential,39.6287552,-75.7526862
Harvest Trail,residential,39.6288316,-75.7516302
Appleton Road,tertiary,39.7081840,-75.8182570
South College Avenue,primary,39.6830120,-75.7536282
Academy Street,residential,39.6833442,-75.7493618
Center Street,residential,39.6834183,-75.7484111
Haines Street,residential,39.6834897,-75.7474942
Choate Street,residential,39.6835500,-75.7467191
South Chapel Street,primary,39.6836408,-75.7455349
East Main Street,primary,39.6837418,-75.7442570
Cherry Tree Lane,residential,39.6173940,-75.7994260
Independence Drive,residential,39.6145290,-75.7983420
n/a,track,39.6921062,-75.7869410
n/a,path,39.7058173,-75.8265898
West Chestnut Hill Road,tertiary,39.6471377,-75.7762646
Knights Crossing,residential,39.6454896,-75.7758542
Montague Road,residential,39.6439386,-75.7757067
Montague Road,residential,39.6439179,-75.7761815
Panorama Drive,residential,39.6906880,-75.7806662
South Townview Lane,residential,39.6908270,-75.7828170
Rolling Road,residential,39.6302860,-75.8050690
West Main Street,primary,39.6865809,-75.7657655
Tanglewood Lane,residential,39.6869779,-75.7668311
Briar Lane,residential,39.6873764,-75.7679006
Radcliffe Drive,residential,39.6879205,-75.7693607
Radcliffe Drive,residential,39.6879882,-75.7695425
Nottingham Road,primary,39.6919386,-75.7800646
Nottingham Road,primary,39.6940881,-75.7856530
Nottingham Road,primary,39.6948597,-75.7876405
Telegraph Road,primary,39.6951759,-75.7885930
n/a,steps,39.6828654,-75.7531256
Otts Chapel Road,secondary,39.6261033,-75.7728848
Pollari Circle,residential,39.6305596,-75.7669002
Smiths Way,tertiary,39.6353650,-75.7678360
Welsh Tract Road,tertiary,39.6399160,-75.7686280
Old Baltimore Pike,secondary,39.6280700,-75.7665880
Cobblestone Cross,residential,39.6335566,-75.7673786
Appleton Road,tertiary,39.6676300,-75.8149190
Peach Road,residential,39.6523140,-75.7960460
South Chestnut Drive,residential,39.6527170,-75.7999100
Rosetree Lane,residential,39.6147634,-75.7847940
Rosetree Lane,residential,39.6149003,-75.7829534
n/a,construction,39.6148762,-75.7815398
Rosetree Lane,residential,39.6139427,-75.7824863
Mill Station Drive,residential,39.6981555,-75.7747911
Russell Lane,residential,39.6735376,-75.7749147
Peach Road,residential,39.6755660,-75.7621450
South Main Street,primary,39.6758077,-75.7643318
n/a,path,39.6889670,-75.8280310
Elk Mills Road,secondary,39.6606250,-75.8288050
Wedgewood Road,residential,39.7099410,-75.7756398
West Church Road,residential,39.6885873,-75.7758378
Gilmore Lane,residential,39.7069870,-75.7988800
Sincock Lane,residential,39.6585792,-75.7457734
n/a,path,39.6867400,-75.8298410
n/a,path,39.6846520,-75.8279750
n/a,path,39.6867390,-75.8327320
Cat Swamp Road,residential,39.6803610,-75.8003440
Muddy Lane,residential,39.6324794,-75.8020937
Summer Park Crescent,residential,39.6248130,-75.7513210
Fox Lane,residential,39.7087940,-75.7841493
Fox Lane,residential,39.7110983,-75.7835776
Wedgewood Road,residential,39.7070897,-75.7837678
Terry Lane,residential,39.6868369,-75.7605975
Rock Lane,residential,39.6531880,-75.7552660
Ballantrae Court,residential,39.6847599,-75.7901217
Friendship Road,residential,39.6161280,-75.8245100
Haines Street,residential,39.6814906,-75.7472216
Friendship Road,residential,39.6167970,-75.8239430
Victoria Court,residential,39.6816200,-75.7459988
Victoria Court,residential,39.6816468,-75.7457841
n/a,residential,39.6809363,-75.7456275
Otts Chapel Road,secondary,39.6460510,-75.7796540
Chestnut Hill Road West,residential,39.6412569,-75.7935004
Sandy Drive,unclassified,39.6579684,-75.7740547
Sandy Drive,unclassified,39.6586771,-75.7720245
Sandra Lane,residential,39.6441737,-75.7851041
West Main Street,primary,39.6848292,-75.7610750
Wilson Street,residential,39.6858476,-75.7604249
Terry Lane,residential,39.6866328,-75.7599472
New London Road,primary,39.6872870,-75.7595251
Pebble Beach Drive,residential,39.6161618,-75.7906953
Knob Hill Road,residential,39.6593430,-75.8277590
Elk Mills Road,secondary,39.6597580,-75.8276220
Caribou Court,residential,39.6544940,-75.7913355
Barksdale Road,tertiary,39.6769984,-75.7846843
Country Place Drive,residential,39.6780743,-75.7838757
n/a,primary_link,39.6870026,-75.7474324
n/a,primary_link,39.6871694,-75.7472617
n/a,primary_link,39.6874061,-75.7472871
Elkton Road,primary,39.6695260,-75.7715022
Colgate Lane,residential,39.6809360,-75.7747477
n/a,path,39.6360792,-75.7599862
Academy Street,residential,39.6752771,-75.7503899
Manuel Street,residential,39.6751732,-75.7473268
Haines Street,residential,39.6749824,-75.7456103
Hullihen Drive,residential,39.6807773,-75.7643472
Rose Street,residential,39.6869581,-75.7578680
New London Road,primary,39.6870269,-75.7593749
Briarcliffe Court,residential,39.6267324,-75.7571138
Spur Ridge Court,residential,39.6260033,-75.7570163
Chrysler Avenue,residential,39.6703991,-75.7634613
Devon Drive,residential,39.6687116,-75.7617640
Old East Chestnut Hill Road,tertiary,39.6566766,-75.7499816
Paper Mill Road,primary,39.6980274,-75.7496288
n/a,path,39.7033255,-75.7558996
Baylor Drive,residential,39.6880083,-75.7726399
Amherst Drive,residential,39.6874068,-75.7734603
Oklahoma State Drive,residential,39.6483082,-75.7776486
n/a,path,39.7084014,-75.8232893
South Chapel Street,tertiary,39.6754649,-75.7433494
Otts Chapel Road,secondary,39.6477160,-75.7800040
Otts Chapel Road,secondary,39.6477210,-75.7798570
Arizona State Drive,residential,39.6477837,-75.7790821
West Virginia Court,residential,39.6491840,-75.7769100
Shull Drive,residential,39.6685088,-75.7642379
Devon Drive,residential,39.6676267,-75.7630968
Leo Road,residential,39.6150310,-75.8150590
Winterhaven Drive,residential,39.6283652,-75.7484822
Snowflake Drive,residential,39.6261855,-75.7471222
Winterhaven Drive,residential,39.6262686,-75.7473542
Four Seasons Parkway,tertiary,39.6267802,-75.7505001
Winterhaven Drive,residential,39.6270566,-75.7502215
Winterhaven Drive,residential,39.6272290,-75.7472852
Snowflake Drive,residential,39.6272208,-75.7470786
Appleton Road,secondary,39.6255630,-75.8243250
Clear Spring Lane,residential,39.6974542,-75.7774475
Confluence Court,residential,39.6979300,-75.7765138
Point Avenue,residential,39.6952198,-75.7749758
Booth Road,residential,39.6705661,-75.8310087
Delrem Drive,residential,39.6940900,-75.7756673
Oak Road,residential,39.7092230,-75.7954950
Oak Road,residential,39.7092650,-75.7951800
Patriot's Way,residential,39.6181577,-75.8034888
Patriot's Way,residential,39.6182575,-75.8032858
Thomas Jefferson Terrace,residential,39.6182891,-75.8035230
Thomas Jefferson Terrace,residential,39.6181419,-75.8033775
Thomas Jefferson Terrace,residential,39.6198156,-75.8096821
n/a,residential,39.6662705,-75.7471650
Elk Mills Road,secondary,39.6576710,-75.8240840
n/a,path,39.6871310,-75.7650538
n/a,path,39.6873299,-75.7654782
Jackson Hall School Road,residential,39.6917051,-75.7935731
n/a,path,39.6874562,-75.7651419
Stone Gate Boulevard,residential,39.6481422,-75.7911523
n/a,path,39.6885868,-75.7687392
Telegraph Road,primary,39.6967920,-75.8007920
Brinton Way,residential,39.7007530,-75.7999100
Little Egypt Road,tertiary,39.7015468,-75.7997399
Little Egypt Road,tertiary,39.7016990,-75.7997280
Little Egypt Road,tertiary,39.7031350,-75.8000410
North Street,secondary,39.6207360,-75.8294420
Patriot's Way,residential,39.6182176,-75.8035386
South College Avenue,primary,39.6774841,-75.7535402
Orchard Road,residential,39.6774650,-75.7567826
Cobble Creek Curve,residential,39.6342227,-75.7414841
South Fawn Drive,residential,39.6806274,-75.7847630
Blue Hen Ridge,residential,39.6802748,-75.7829350
South Fawn Drive,residential,39.6801971,-75.7819630
Gill Drive,residential,39.6561409,-75.7387373
Bobby Drive,residential,39.6558455,-75.7424542
Elk Mills Road,secondary,39.6626480,-75.8336220
Abbotsford Lane,residential,39.6751210,-75.7851390
Old Cooches Bridge Road,residential,39.6491988,-75.7446409
Summer Park Crescent,residential,39.6241429,-75.7500600
Arbour Drive,residential,39.6549380,-75.7609060
Oriole Drive,residential,39.6556350,-75.7644930
Arbour Drive,residential,39.6566210,-75.7682463
Queen Anne Drive,residential,39.6841934,-75.7839386
Lakeside Drive,residential,39.6872207,-75.7847338
Gypsum Drive,residential,39.6484146,-75.7845665
Queen Marys Drive,residential,39.6860083,-75.7827230
Queen Anne Drive,residential,39.6844269,-75.7817212
Bridle Brook Lane,residential,39.7002600,-75.7840773
Saddle Circle,residential,39.7025700,-75.7818759
Talley Ho Circle,residential,39.7024570,-75.7801634
Bridle Brook Lane,residential,39.6995120,-75.7826709
Lafayette Road,residential,39.6853401,-75.7717399
Dallam Road,residential,39.6868400,-75.7712295
Oakview Drive,residential,39.6265480,-75.7636995
Four Seasons Parkway,tertiary,39.6270778,-75.7622489
Gypsum Drive,residential,39.6490239,-75.7847099
Carriage Lane,residential,39.7054577,-75.7763025
West Chestnut Hill Road,tertiary,39.6538320,-75.7540110
Stone Gate Boulevard,residential,39.6482758,-75.7905192
Barksdale Road,tertiary,39.6772463,-75.7831989
Barksdale Road,tertiary,39.6772601,-75.7830862
Hazelwood Drive,residential,39.6285674,-75.7592371
South College Avenue,primary,39.6790082,-75.7535620
Orchard Road,residential,39.6794490,-75.7562568
Barksdale Road,tertiary,39.6780820,-75.7772816
Allison Lane,residential,39.6776960,-75.7772450
Julie Lane,residential,39.6760700,-75.7759460
Stamford Drive,residential,39.6946501,-75.7663366
Delrem Drive,residential,39.6934095,-75.7761163
Barksdale Road,tertiary,39.6784321,-75.7751771
n/a,residential,39.6678422,-75.7748731
Old East Chestnut Hill Road,tertiary,39.6569575,-75.7495619
Jackson Hall School Road,residential,39.6876159,-75.8016970
West Main Street,primary,39.6830661,-75.7565212
n/a,path,39.6996330,-75.8208370
Winterview Way,residential,39.6360540,-75.7477499
Aldershot Drive,residential,39.6549736,-75.7442739
Mule Deer Court,residential,39.6560278,-75.7918315
Mule Deer Court,residential,39.6571183,-75.7898651
Whitetail Way,residential,39.6565232,-75.7899359
n/a,residential,39.6545730,-75.7946068
n/a,residential,39.6598046,-75.7942287
Palo Lane,residential,39.6328128,-75.7679185
Telegraph Road,primary,39.6971350,-75.8034120
O'Daniel Avenue,residential,39.6740144,-75.7700891
Red Hill Road,secondary,39.6153930,-75.8057890
Thorn Lane,residential,39.6741865,-75.7681604
Delancy Road,secondary,39.6166670,-75.7919170
East Delaware Avenue,primary,39.6817504,-75.7524396
Entre Lane,residential,39.6288039,-75.7750462
Glen Creek Circle,residential,39.6288805,-75.8011361
Arbour Drive,residential,39.6538220,-75.7608080
Oriole Drive,residential,39.6547170,-75.7650480
Blue Jay Drive,residential,39.6549905,-75.7663026
Barksdale Road,tertiary,39.6768205,-75.7856029
Country Hills Drive,residential,39.6771595,-75.7857470
Country Hills Drive,residential,39.6781062,-75.7866427
Country Hills Drive,residential,39.6791673,-75.7867811
Country Hills Drive,residential,39.6798915,-75.7868587
Thorn Lane,residential,39.6759229,-75.7729220
West Chestnut Hill Road,tertiary,39.6529060,-75.7559340
Pennwood Drive,residential,39.6520750,-75.7556720
New Casho Mill Road,tertiary,39.6888020,-75.7763688
Timber Creek Lane,residential,39.6879124,-75.7762595
Timber Creek Lane,residential,39.6859283,-75.7756113
Lafayette Road,residential,39.6852639,-75.7755393
Pheasant Run,residential,39.6844970,-75.7755252
Rahway Drive,residential,39.6822035,-75.7754475
Bent Lane,residential,39.6801638,-75.7753619
Pickett Lane,residential,39.6791458,-75.7752760
Casho Mill Road,tertiary,39.6770516,-75.7745272
Casho Mill Road,tertiary,39.6765691,-75.7742937
Casho Mill Road,tertiary,39.6761327,-75.7740442
Casho Mill Road,tertiary,39.6756215,-75.7737918
Casho Mill Road,tertiary,39.6748040,-75.7734074
Casho Mill Road,tertiary,39.6727167,-75.7723944
Elkton Road,primary,39.6704433,-75.7706487
West Park Place,tertiary,39.6744108,-75.7542403
Indian Road,residential,39.6745220,-75.7551070
Orchard Road,residential,39.6747690,-75.7567720
Townsend Road,residential,39.6747605,-75.7579646
Beverly Road,residential,39.6747399,-75.7593063
Apple Road,residential,39.6747176,-75.7608661
Peach Road,residential,39.6746927,-75.7619590
Willa Road,residential,39.6746882,-75.7633161
West Park Place,tertiary,39.6748714,-75.7654306
South College Avenue,primary,39.6742440,-75.7534952
Robscott Turn,residential,39.6583632,-75.7438279
Janice Drive,residential,39.6561478,-75.7477423
Sanford Drive,residential,39.6563007,-75.7459921
Elk Lane,residential,39.6563930,-75.7449430
Anglin Drive,residential,39.6564576,-75.7439955
Wrightstowne Lane,residential,39.6807276,-75.7448291
West Chestnut Hill Road,tertiary,39.6485517,-75.7721430
Summit View Drive,residential,39.6474971,-75.7717339
Rockwood Court,residential,39.7056139,-75.7424949
West Mistletoe Court,residential,39.7065064,-75.7442507
Willington Square Way,residential,39.7071005,-75.7414519
E Parkway,residential,39.7020250,-75.7940400
W Parkway,residential,39.7022800,-75.7967920
n/a,path,39.6879060,-75.8352090
n/a,path,39.6532593,-75.7714646
Timberline Drive,residential,39.6859930,-75.7793353
North Wynwyd Drive,residential,39.6875175,-75.7820252
Farm House Road,unclassified,39.6932720,-75.7819439
Fletchwood Road,secondary,39.6540480,-75.7973600
Stirrup Drive,residential,39.6590050,-75.8048910
Fletchwood Road,secondary,39.6540110,-75.7969560
Willow Drive,residential,39.6558220,-75.8044990
Otts Chapel Road,secondary,39.6409658,-75.7792716
Otts Chapel Road,secondary,39.6401726,-75.7791965
Mackenzie Drive,residential,39.6736050,-75.7837510
Abbotsford Lane,residential,39.6733280,-75.7845700
Braemar Drive,residential,39.6730300,-75.7855660
Nethy Drive,residential,39.6728040,-75.7863110
Macduff Road,residential,39.6726450,-75.7870850
Patriot's Way,residential,39.6171491,-75.8029730
Red Hill Road,secondary,39.6163805,-75.8027209
Valley Road,residential,39.6816511,-75.7886687
Valley Road,residential,39.6804249,-75.7887707
Alexandria Drive,residential,39.6688210,-75.7653920
Devon Drive,residential,39.6679463,-75.7659042
Spring Water Way,residential,39.6900314,-75.7843422
Dixon Drive,residential,39.6878608,-75.7846396
Queen Marys Drive,residential,39.6860350,-75.7847880
Queen Anne Drive,residential,39.6845704,-75.7848486
Briar Court,residential,39.6831230,-75.7873690
Shull Drive,residential,39.6668873,-75.7679155
Tawes Drive,residential,39.7087810,-75.8352400
Plaza Drive,residential,39.6266613,-75.7459091
Plaza Drive,residential,39.6268109,-75.7462937
Plaza Drive,residential,39.6274386,-75.7449884
Plaza Drive,residential,39.6274758,-75.7462201
Plaza Drive,residential,39.6275695,-75.7440359
South College Avenue,primary,39.6591387,-75.7516454
North Street,secondary,39.6211891,-75.8295885
Telegraph Road,primary,39.6987420,-75.8162520
Ohio State Drive,residential,39.6518673,-75.7745932
Michigan State Drive,residential,39.6499854,-75.7744138
Summer Park Crescent,residential,39.6250590,-75.7517630
West Edgewater Way,residential,39.6256723,-75.7511833
Minquil Drive,residential,39.6541150,-75.7536070
Arbour Drive,residential,39.6517050,-75.7605940
Highfield Drive,residential,39.6515920,-75.7621340
Independence Way,residential,39.6514017,-75.7644282
University Drive,residential,39.6493491,-75.7699547
Tall Pines Road,residential,39.6477550,-75.7745040
Barksdale Road,tertiary,39.6714500,-75.7994990
Otts Chapel Road,secondary,39.6460210,-75.7798140
Tartan Way,residential,39.6453150,-75.7818120
Biscayne Place,residential,39.6445310,-75.7840300
Chestnut Hill Road West,tertiary,39.6431640,-75.7880570
Seven Bridges Road,residential,39.6803870,-75.8003780
Jackson Hall School Road,residential,39.6861660,-75.8046553
Little Egypt Road,tertiary,39.7118420,-75.8002270
Old Farm House Lane,residential,39.7112970,-75.8020220
Firethorn Lane,residential,39.6471200,-75.7693570
Cat Swamp Road,residential,39.6777030,-75.7999790
Wedgewood Road,residential,39.6961706,-75.7875358
Nottingham Road,primary,39.6913520,-75.7785225
Philips Mill Lane,unclassified,39.6915523,-75.7784061
Scotch Pine Road,residential,39.7011940,-75.7684240
Julie Lane,residential,39.6762640,-75.7781970
Telegraph Road,primary,39.6975480,-75.8064740
Ohio State Drive,residential,39.6535750,-75.7764900
Willow Drive,residential,39.6602980,-75.8003460
Lincoln Drive,residential,39.6748764,-75.7669682
n/a,unclassified,39.6145101,-75.8299084
College Park,residential,39.6762377,-75.7696796
Thorn Lane,residential,39.6759475,-75.7699873
Donna Drive,residential,39.6520410,-75.7437304
Park Drive,unclassified,39.6575641,-75.7511459
Park Drive,unclassified,39.6577209,-75.7491707
n/a,residential,39.6665316,-75.7521535
n/a,path,39.6964240,-75.8213670
New London Road,primary,39.6936415,-75.7637216
Wakefield Drive,residential,39.6955333,-75.7620541
Lynn Drive,residential,39.6965193,-75.7625909
Lynn Drive,residential,39.6982020,-75.7647298
New London Road,primary,39.6979121,-75.7662744
North Street,secondary,39.6142931,-75.8301882
Robscott Turn,residential,39.6589933,-75.7440443
Russell Road,residential,39.6667420,-75.8396780
Brewster Bridge Road,tertiary,39.6658120,-75.8387080
Woody Lane,residential,39.6641470,-75.8373270
Hebron Hill,residential,39.6628640,-75.8362170
Elk Mills Road,secondary,39.6609430,-75.8292060
Elk Mills Road,secondary,39.6596100,-75.8274200
Elk Mills Road,secondary,39.6584090,-75.8260130
Elk Mills Road,secondary,39.6578650,-75.8252990
Cornwall Drive,residential,39.6698590,-75.7653980
Alexandria Drive,residential,39.6665183,-75.7690652
Elk Mills Road,secondary,39.6573171,-75.8222847
Elk Mills Road,secondary,39.6562370,-75.8170640
Appleton Road,tertiary,39.6562260,-75.8136350
Haines Street,residential,39.6797590,-75.7469870
South Chapel Street,tertiary,39.6800765,-75.7446741
South College Avenue,primary,39.6671500,-75.7528312
Discovery Boulevard,residential,39.6631568,-75.7526919
